Title,Author,ISBN,My Rating,Average Rating,Publisher,Binding,Year Published,Original Publication Year,Date Read,Date Added,Shelves,Bookshelves,My Review,Additional Authors,Ratings Count,Shelf,Genre,Format,Series / Section,Volume,Pages,Awards,Notes
The First Law Trilogy,"Abercrombie, Joe",9780316361194,,4.53,Orbit,Paperback,2016,,,,,fiction fantasy,,,11469,fiction,Fantasy,Omnibus file,The First Law,1–3,1680,,"Omnibus confirmed at 1,680 pp (Orbit, Nov 2016). Gollancz also issued a 3-volume boxed set (~1,701 pp across the three books) and a Kindle omnibus listed at 1,600 pp. Component figures below are the Gollancz UK paperbacks."
The Hitchhiker's Guide to the Galaxy,"Adams, Douglas",,,,Del Rey / Pan,Mass Market Paperback,1979,,,,,fiction science-fiction satire,,,,fiction,Science Fiction; Satire,Series volume,Hitchhiker's Guide,1,216,,Pan first edition runs 180 pp; Del Rey US paperback 216 pp. Frequently bundled into omnibus editions of 815 pp.
Watership Down,"Adams, Richard",,,,Scribner,Paperback,1972,,,,,fiction adventure classics,,,,fiction,Adventure; Classics,Standalone,,,476,Carnegie Medal (1972); Guardian Children's Fiction Prize (1973),
Nova Roma 2,"Anderson, Gentry",,,,,,,,,,,fiction historical-fiction,,"Ladebauche, John, IV",,fiction,Historical Fiction,Series volume,Nova Roma,2,,,Independently published; no reliable print bibliographic record found. Page count not established.
Nova Roma,"Anderson, Gentry",,,,,,,,,,,fiction historical-fiction,,,,fiction,Historical Fiction,Series volume,Nova Roma,1,,,Independently published; no reliable print bibliographic record found. Page count not established.
The Complete Robot,"Asimov, Isaac",,,,Doubleday,Hardcover,1982,,,,,fiction science-fiction short-stories,,,,fiction,Science Fiction; Short Stories,Story collection,Robot,—,558,,"A 31-story collection, not a multi-novel omnibus, so there are no component books to split out. Overlaps heavily with I, Robot: all nine I, Robot stories appear here, without the framing narrative. Treated as one work in the totals."
The Foundation Novels,"Asimov, Isaac",,,,Bantam Spectra,ebook,2014,,,,,fiction science-fiction,,,,fiction,Science Fiction,Omnibus file,Foundation,1–7,2581,"Hugo, Best All-Time Series (1966) — awarded to the Foundation trilogy; Hugo, Best Novel (1983); Locus, Best SF Novel (1983)","Confirmed as the seven-volume Foundation eBook bundle. Digital-only, so there is no physical omnibus page count to report. Component figures are standard Bantam/Spectra paperbacks."
"I, Robot","Asimov, Isaac",,,,Bantam,Paperback,1950,,,,,fiction science-fiction short-stories,,,,fiction,Science Fiction; Short Stories,Series volume,Robot,1,253,,Nine linked stories with a framing narrative. All nine also appear in The Complete Robot.
The Caves of Steel,"Asimov, Isaac",,,,Bantam,Paperback,1954,,,,,fiction science-fiction mystery-and-crime,,,,fiction,Science Fiction; Mystery & Crime,Series volume,Robot,2,270,,
The Naked Sun,"Asimov, Isaac",,,,Bantam,Paperback,1957,,,,,fiction science-fiction mystery-and-crime,,,,fiction,Science Fiction; Mystery & Crime,Series volume,Robot,3,220,,
The Robots of Dawn,"Asimov, Isaac",,,,Bantam,Paperback,1983,,,,,fiction science-fiction mystery-and-crime,,,,fiction,Science Fiction; Mystery & Crime,Series volume,Robot,4,419,,
Robots and Empire,"Asimov, Isaac",,,,Bantam,Paperback,1985,,,,,fiction science-fiction mystery-and-crime,,,,fiction,Science Fiction; Mystery & Crime,Series volume,Robot,5,383,,
Thieves' World,"Asprin, Robert Lynn",,,,Ace,Mass Market Paperback,1979,,,,,fiction fantasy short-stories,,,,fiction,Fantasy; Short Stories,Anthology,Thieves' World,1,307,,"Shared-world anthology edited by Asprin, not a novel. Counted as one work."
Pride and Prejudice,"Austen, Jane",,,,Penguin,,2003,,,,,fiction classics romance,,,,fiction,Classics; Romance,Standalone,,,435,,Page counts range roughly 279–480 depending on trim size and apparatus.
The Damnation Game,"Barker, Clive",,,,Ace,Paperback,1985,,,,,fiction horror,,,,fiction,Horror,Standalone,,,434,,
The Hellbound Heart,"Barker, Clive",,,,HarperCollins,Paperback,1986,,,,,fiction horror,,,,fiction,Horror,Standalone,,,164,,Novella. Originally published in the Night Visions 3 anthology.
The Last Unicorn,"Beagle, Peter S.",,,,Roc,Paperback,1968,,,,,fiction fantasy,,,,fiction,Fantasy,Standalone,,,294,,
Son of the Slob,"Beauregard, Aron",,,,,,2022,,,,,fiction horror,,,,fiction,Horror,Series volume,The Slob,2,,,Independently published extreme horror. No stable print bibliographic record; page count not established.
The Slob,"Beauregard, Aron",,,,,,2021,,,,,fiction horror,,,,fiction,Horror,Series volume,The Slob,1,,,Independently published extreme horror. No stable print bibliographic record; page count not established.
The Long Ships,"Bengtsson, Frans G.",,,,New York Review Books,,2010,,,,,fiction historical-fiction adventure,,,,fiction,Historical Fiction; Adventure,Standalone,,,503,,Translated from Swedish. The NYRB edition restores the complete text.
The Demolished Man,"Bester, Alfred",,,,Vintage,Paperback,1953,,,,,fiction science-fiction mystery-and-crime,,,,fiction,Science Fiction; Mystery & Crime,Standalone,,,250,"Hugo, Best Novel (1953) — the first Hugo ever awarded",
The Willows,"Blackwood, Algernon",,,,,,1907,,,,,fiction horror classics,,,,fiction,Horror; Classics,Standalone,,,60,,A long short story. Standalone printings run 48–96 pp; it is more usually read inside a collection.
Fahrenheit 451,"Bradbury, Ray",,,3.97,Simon & Schuster,,1953,,,,,fiction science-fiction dystopian classics,,,2866000,fiction,Science Fiction; Dystopian; Classics,Standalone,,,249,"Retro Hugo, Best Novel (1954, awarded 2004); Prometheus Hall of Fame (1984)",Ballantine printings run as short as 158 pp; the S&S edition adds apparatus.
Something Wicked This Way Comes,"Bradbury, Ray",,,,Simon & Schuster,Paperback,1962,,,,,fiction fantasy horror,,,,fiction,Fantasy; Horror,Standalone,,,293,,
The Illustrated Man,"Bradbury, Ray",,,,Simon & Schuster,Paperback,1951,,,,,fiction science-fiction short-stories,,,,fiction,Science Fiction; Short Stories,Story collection,,,288,,"Eighteen linked short stories. A single-volume collection, not an omnibus."
Wuthering Heights,"Brontë, Emily",,,,Penguin,,1847,,,,,fiction classics romance,,,,fiction,Classics; Romance,Standalone,,,416,,
The Sword of Shannara,"Brooks, Terry",,,,Del Rey,Paperback,1977,,,,,fiction fantasy adventure,,,,fiction,Fantasy; Adventure,Series volume,Shannara,1,726,,
The Elfstones of Shannara,"Brooks, Terry",,,,Del Rey,Paperback,1982,,,,,fiction fantasy adventure,,,,fiction,Fantasy; Adventure,Series volume,Shannara,2,469,,
The Wishsong of Shannara,"Brooks, Terry",,,,Del Rey,Paperback,1985,,,,,fiction fantasy adventure,,,,fiction,Fantasy; Adventure,Series volume,Shannara,3,499,,
Between Two Fires,"Buehlman, Christopher",,,,Ace,Paperback,2012,,,,,fiction horror historical-fiction,,,,fiction,Horror; Historical Fiction,Standalone,,,416,,
Barsoom Series,"Burroughs, Edgar Rice",,,,,ebook,,,,,,fiction science-fiction adventure,,,,fiction,Science Fiction; Adventure,Omnibus file,Barsoom,1–11,1984,,"The Barsoom canon is eleven volumes. The last, John Carter of Mars, contains two novellas whose authorship is disputed — 'Skeleton Men of Jupiter' is Burroughs, 'John Carter and the Giant of Mars' is generally credited to his son. Component counts are typical Ballantine/Del Rey paperbacks and vary widely between reprint houses."
Pellucidar Series,"Burroughs, Edgar Rice",,,,,ebook,,,,,,fiction science-fiction adventure,,,,fiction,Science Fiction; Adventure,Omnibus file,Pellucidar,1–7,1328,,"Seven volumes. Tarzan at the Earth's Core is also a Tarzan novel, so it sits in two series at once."
Tarzan of the Apes,"Burroughs, Edgar Rice",,,,Penguin,,1912,,,,,fiction adventure classics,,,,fiction,Adventure; Classics,Series volume,Tarzan,1,288,,
The Dresden Files Collection 1 (1-6),"Butcher, Jim",,,,Roc,ebook,2011,,,,,fiction fantasy mystery-and-crime,,,,fiction,Fantasy; Mystery & Crime,Omnibus file,The Dresden Files,1–6,2218,,"Digital bundle of the first six novels; no physical omnibus edition exists, so there is no print page count for the collection itself. Components are Roc mass-market paperbacks."
Frozen Hell,"Campbell, John W.",,,,Wildside Press,,2019,,,,,fiction science-fiction horror,,,,fiction,Science Fiction; Horror,Standalone,,,208,,The complete original novel from which 'Who Goes There?' was cut down. Rediscovered in 2018.
Who Goes There?,"Campbell, John W.",,,,,,1938,,,,,fiction science-fiction horror,,,,fiction,Science Fiction; Horror,Standalone,,,100,"Retro Hugo, Best Novella (1939, awarded 2014)","Novella. The abridged version of Frozen Hell — the two entries are versions of the same story, not separate works."
Ender's Game,"Card, Orson Scott",,,4.31,Tor,Paperback,1985,,,,,fiction science-fiction,,,1477000,fiction,Science Fiction,Series volume,Ender's Saga,1,324,"Nebula, Best Novel (1985); Hugo, Best Novel (1986)",The 1991 revised text is the standard one in print.
Don Quijote de la Mancha,"Cervantes, Miguel de",,,,Alfaguara / RAE,,1605/1615,,,,,fiction classics satire adventure,,,,fiction,Classics; Satire; Adventure,Standalone,,,1250,,"Spanish original text. One of four Quixote entries in the library — kept separate, since each is a different text or translation."
Don Quixote (trans. Edith Grossman),"Cervantes, Miguel de",,,,Ecco / HarperCollins,Paperback,2003,,,,,fiction classics satire adventure,,,,fiction,Classics; Satire; Adventure,Standalone,,,940,,"English translation by Edith Grossman, widely regarded as the modern standard. Separate work from the Spanish and Portuguese entries."
O engenhoso fidalgo D. Quixote de La Mancha: primeiro livro,"Cervantes, Miguel de",,,,,,1605,,,,,fiction classics satire adventure,,,,fiction,Classics; Satire; Adventure,Standalone,,,620,,"Portuguese translation, first part only. Several Brazilian and Portuguese translations circulate (Ed. 34, Penguin-Companhia, Abril); the specific translator is not identifiable from the filename, so the count is approximate."
O engenhoso fidalgo D. Quixote de La Mancha: segundo livro,"Cervantes, Miguel de",,,,,,1615,,,,,fiction classics satire adventure,,,,fiction,Classics; Satire; Adventure,Standalone,,,680,,"Portuguese translation, second part only. Same caveat as the first volume."
The King in Yellow,"Chambers, Robert W.",,,,,,1895,,,,,fiction horror short-stories,,,,fiction,Horror; Short Stories,Story collection,,,316,,"Ten stories, the first four linked by the fictional play. A single-volume collection."
The Long Goodbye,"Chandler, Raymond",,,,Vintage,Paperback,1953,,,,,fiction mystery-and-crime,,,,fiction,Mystery & Crime,Series volume,Philip Marlowe,6,379,"Edgar Award, Best Novel (1955)",
The Big Sleep,"Chandler, Raymond",,,,Vintage,Paperback,1939,,,,,fiction mystery-and-crime,,,,fiction,Mystery & Crime,Series volume,Philip Marlowe,1,231,,
Never Deal with a Dragon,"Charrette, Robert N.",,,,Roc,Paperback,1990,,,,,fiction science-fiction fantasy,,,,fiction,Science Fiction; Fantasy,Series volume,Shadowrun,1,312,,
Choose Your Enemies Carefully,"Charrette, Robert N.",,,,Roc,Paperback,1991,,,,,fiction science-fiction fantasy,,,,fiction,Science Fiction; Fantasy,Series volume,Shadowrun,2,312,,
Find Your Own Truth,"Charrette, Robert N.",,,,Roc,Paperback,1991,,,,,fiction science-fiction fantasy,,,,fiction,Science Fiction; Fantasy,Series volume,Shadowrun,3,344,,
Murder on the Orient Express,"Christie, Agatha",,,,William Morrow,Paperback,1934,,,,,fiction mystery-and-crime classics,,,,fiction,Mystery & Crime; Classics,Series volume,Hercule Poirot,10,274,,
And Then There Were None,"Christie, Agatha",,,,William Morrow,Paperback,1939,,,,,fiction mystery-and-crime thriller classics,,,,fiction,Mystery & Crime; Thriller; Classics,Standalone,,,264,,"The file uses the novel's original 1939 UK title, which contains a racial slur and has not been used in print since the 1980s. Catalogued here under the title it is published under today."
The Murder of Roger Ackroyd,"Christie, Agatha",,,,William Morrow,Paperback,1926,,,,,fiction mystery-and-crime classics,,,,fiction,Mystery & Crime; Classics,Series volume,Hercule Poirot,4,288,,
2001: A Space Odyssey,"Clarke, Arthur C.",,,4.18,Roc,Paperback,1968,,,,,fiction science-fiction classics,,,344000,fiction,Science Fiction; Classics,Series volume,Space Odyssey,1,297,,
Childhood's End,"Clarke, Arthur C.",,,4.12,Del Rey,Paperback,1953,,,,,fiction science-fiction classics,,,174000,fiction,Science Fiction; Classics,Standalone,,,224,,The first chapter was rewritten in 1989 to remove dated Cold War references; both texts circulate.
Piranesi,"Clarke, Susanna",,,,Bloomsbury,Hardcover,2020,,,,,fiction fantasy literary-fiction,,,,fiction,Fantasy; Literary Fiction,Standalone,,,245,Women's Prize for Fiction (2021),
Shogun,"Clavell, James",,,,Dell,Paperback,1975,,,,,fiction historical-fiction adventure,,,,fiction,Historical Fiction; Adventure,Series volume,Asian Saga,1,1152,,"The Delacorte hardcover runs 802 pp on larger pages; the mass-market paperback is the more commonly cited 1,152."
The Poet,"Connelly, Michael",,,,Grand Central,Paperback,1996,,,,,fiction mystery-and-crime thriller,,,,fiction,Mystery & Crime; Thriller,Series volume,Jack McEvoy,1,512,,
Heart of Darkness,"Conrad, Joseph",,,,Penguin,,1899,,,,,fiction classics literary-fiction adventure,,,,fiction,Classics; Literary Fiction; Adventure,Standalone,,,96,,Novella. Editions with critical apparatus (Norton) run to 500+ pp; the text itself is under 100.
The Black Company,"Cook, Glen",,,,Tor,Paperback,1984,,,,,fiction fantasy war,,,,fiction,Fantasy; War,Series volume,The Black Company,1,319,,
Shadows Linger,"Cook, Glen",,,,Tor,Paperback,1984,,,,,fiction fantasy war,,,,fiction,Fantasy; War,Series volume,The Black Company,2,319,,
The White Rose,"Cook, Glen",,,,Tor,Paperback,1985,,,,,fiction fantasy war,,,,fiction,Fantasy; War,Series volume,The Black Company,3,319,,
Sharpe's Eagle,"Cornwell, Bernard",,,,HarperCollins,Paperback,1981,,,,,fiction historical-fiction war adventure,,,,fiction,Historical Fiction; War; Adventure,Series volume,Sharpe,8,304,,Numbered 8 by internal chronology; it was the first Sharpe novel written.
The Winter King,"Cornwell, Bernard",,,,St. Martin's Griffin,Paperback,1995,,,,,fiction historical-fiction adventure,,,,fiction,Historical Fiction; Adventure,Series volume,The Warlord Chronicles,1,431,,
Enemy of God,"Cornwell, Bernard",,,,St. Martin's Griffin,Paperback,1996,,,,,fiction historical-fiction adventure,,,,fiction,Historical Fiction; Adventure,Series volume,The Warlord Chronicles,2,397,,
Excalibur,"Cornwell, Bernard",,,,St. Martin's Griffin,Paperback,1997,,,,,fiction historical-fiction adventure,,,,fiction,Historical Fiction; Adventure,Series volume,The Warlord Chronicles,3,437,,
Jurassic Park,"Crichton, Michael",,,,Ballantine,Paperback,1990,,,,,fiction science-fiction thriller,,,,fiction,Science Fiction; Thriller,Series volume,Jurassic Park,1,399,,
The Paradise Snare,"Crispin, A. C.",,,,Bantam Spectra,Paperback,1997,,,,,fiction science-fiction adventure,,,,fiction,Science Fiction; Adventure,Series volume,Star Wars: The Han Solo Trilogy,1,320,,
The Hutt Gambit,"Crispin, A. C.",,,,Bantam Spectra,Paperback,1997,,,,,fiction science-fiction adventure,,,,fiction,Science Fiction; Adventure,Series volume,Star Wars: The Han Solo Trilogy,2,336,,
Rebel Dawn,"Crispin, A. C.",,,,Bantam Spectra,Paperback,1998,,,,,fiction science-fiction adventure,,,,fiction,Science Fiction; Adventure,Series volume,Star Wars: The Han Solo Trilogy,3,384,,
The Troop,"Cutter, Nick",,,,Gallery Books,Paperback,2014,,,,,fiction horror thriller,,,,fiction,Horror; Thriller,Standalone,,,358,,
Robinson Crusoe,"Defoe, Daniel",,,,Penguin,,1719,,,,,fiction classics adventure,,,,fiction,Classics; Adventure,Standalone,,,320,,
Star by Star,"Denning, Troy",,,,Del Rey,Paperback,2001,,,,,fiction science-fiction adventure,,,,fiction,Science Fiction; Adventure,Series volume,Star Wars: The New Jedi Order,2,608,,Filename numbers it 2; in the full New Jedi Order sequence it is book 9. The library's NJO numbering appears to be the owner's own reading order.
The Man of Bronze,"Dent, Lester",,,,Bantam,Paperback,1933,,,,,fiction adventure science-fiction,,,,fiction,Adventure; Science Fiction,Series volume,Doc Savage,1,138,,Published under the house name Kenneth Robeson; Dent was the primary author.
A Tale of Two Cities,"Dickens, Charles",,,,Penguin,,1859,,,,,fiction classics historical-fiction,,,,fiction,Classics; Historical Fiction,Standalone,,,489,,
A Scanner Darkly,"Dick, Philip K.",,,,Mariner,Paperback,1977,,,,,fiction science-fiction,,,,fiction,Science Fiction,Standalone,,,220,"BSFA Award, Best Novel (1978)",
The Man in the High Castle,"Dick, Philip K.",,,3.59,Mariner,Paperback,1962,,,,,fiction science-fiction dystopian historical-fiction,,,236000,fiction,Science Fiction; Dystopian; Historical Fiction,Standalone,,,259,"Hugo, Best Novel (1963)",
Ubik,"Dick, Philip K.",,,4.11,Mariner,Paperback,1969,,,,,fiction science-fiction,,,128000,fiction,Science Fiction,Standalone,,,224,,
Lord Foul's Bane,"Donaldson, Stephen R.",,,,Del Rey,Paperback,1977,,,,,fiction fantasy,,,,fiction,Fantasy,Series volume,The Chronicles of Thomas Covenant,1,496,,
The Illearth War,"Donaldson, Stephen R.",,,,Del Rey,Paperback,1977,,,,,fiction fantasy,,,,fiction,Fantasy,Series volume,The Chronicles of Thomas Covenant,2,400,,
The Power That Preserves,"Donaldson, Stephen R.",,,,Del Rey,Paperback,1977,,,,,fiction fantasy,,,,fiction,Fantasy,Series volume,The Chronicles of Thomas Covenant,3,400,,
The Wounded Land,"Donaldson, Stephen R.",,,,Del Rey,Paperback,1980,,,,,fiction fantasy,,,,fiction,Fantasy,Series volume,The Second Chronicles of Thomas Covenant,1,500,,
The One Tree,"Donaldson, Stephen R.",,,,Del Rey,Paperback,1982,,,,,fiction fantasy,,,,fiction,Fantasy,Series volume,The Second Chronicles of Thomas Covenant,2,475,,
White Gold Wielder,"Donaldson, Stephen R.",,,,Del Rey,Paperback,1983,,,,,fiction fantasy,,,,fiction,Fantasy,Series volume,The Second Chronicles of Thomas Covenant,3,500,,
Burning Bright,"Dowd, Tom",,,,Roc,Paperback,1994,,,,,fiction science-fiction fantasy,,,,fiction,Science Fiction; Fantasy,Series volume,Shadowrun,15,280,,
The Complete Sherlock Holmes,"Doyle, Arthur Conan",,,,Doubleday,,1930,,,,,fiction mystery-and-crime classics,,,,fiction,Mystery & Crime; Classics,Omnibus file,Sherlock Holmes,1–9,1122,,"The Doubleday one-volume Complete runs about 1,122 pp in double columns; the Bantam Classics two-volume set runs roughly 1,850 pp across both. Because typesetting differs so sharply, the omnibus figure and the component sum are not comparable."
The Count of Monte Cristo,"Dumas, Alexandre",,,,Penguin,,1844,,,,,fiction classics adventure historical-fiction,,,,fiction,Classics; Adventure; Historical Fiction,Standalone,,,1276,,The Buss translation is the standard unabridged English text. Abridged editions run under 600 pp.
The Three Musketeers,"Dumas, Alexandre",,,,Penguin,,1844,,,,,fiction classics adventure historical-fiction,,,,fiction,Classics; Adventure; Historical Fiction,Series volume,The d'Artagnan Romances,1,720,,
The Name of the Rose,"Eco, Umberto",,,,Mariner,Paperback,1980,,,,,fiction mystery-and-crime historical-fiction literary-fiction,,,,fiction,Mystery & Crime; Historical Fiction; Literary Fiction,Standalone,,,536,Strega Prize (1981); Prix Médicis étranger (1982),
Pawn of Prophecy,"Eddings, David",,,,Del Rey,Paperback,1982,,,,,fiction fantasy adventure,,,,fiction,Fantasy; Adventure,Series volume,The Belgariad,1,258,,
Queen of Sorcery,"Eddings, David",,,,Del Rey,Paperback,1982,,,,,fiction fantasy adventure,,,,fiction,Fantasy; Adventure,Series volume,The Belgariad,2,326,,
Magician's Gambit,"Eddings, David",,,,Del Rey,Paperback,1983,,,,,fiction fantasy adventure,,,,fiction,Fantasy; Adventure,Series volume,The Belgariad,3,305,,
Castle of Wizardry,"Eddings, David",,,,Del Rey,Paperback,1984,,,,,fiction fantasy adventure,,,,fiction,Fantasy; Adventure,Series volume,The Belgariad,4,375,,
Enchanters' End Game,"Eddings, David",,,,Del Rey,Paperback,1984,,,,,fiction fantasy adventure,,,,fiction,Fantasy; Adventure,Series volume,The Belgariad,5,372,,
Middlemarch,"Eliot, George",,,,Penguin,,1871,,,,,fiction classics literary-fiction,,,,fiction,Classics; Literary Fiction,Standalone,,,880,,
King's Dragon,"Elliott, Kate",,,,DAW,Paperback,1997,,,,,fiction fantasy,,,,fiction,Fantasy,Series volume,Crown of Stars,1,592,,
Prince of Dogs,"Elliott, Kate",,,,DAW,Paperback,1998,,,,,fiction fantasy,,,,fiction,Fantasy,Series volume,Crown of Stars,2,640,,
The Burning Stone,"Elliott, Kate",,,,DAW,Paperback,1999,,,,,fiction fantasy,,,,fiction,Fantasy,Series volume,Crown of Stars,3,704,,
The Complete Malazan Book of the Fallen,"Erikson, Steven",,,,Bantam / Tor,ebook,,,,,,fiction fantasy war,,,,fiction,Fantasy; War,Omnibus file,Malazan Book of the Fallen,1–10,11145,,"Ten novels. No single-volume print edition exists — the whole sequence runs to roughly 11,000 pages and 3.3 million words, which is beyond physical binding. Components are Bantam UK paperbacks."
The Sum of All Men,"Farland, David",,,,Tor,Paperback,1998,,,,,fiction fantasy,,,,fiction,Fantasy,Series volume,The Runelords,1,613,,
Brotherhood of the Wolf,"Farland, David",,,,Tor,Paperback,1999,,,,,fiction fantasy,,,,fiction,Fantasy,Series volume,The Runelords,2,496,,
Wizardborn,"Farland, David",,,,Tor,Paperback,2001,,,,,fiction fantasy,,,,fiction,Fantasy,Series volume,The Runelords,3,480,,
The Lair of Bones,"Farland, David",,,,Tor,Paperback,2003,,,,,fiction fantasy,,,,fiction,Fantasy,Series volume,The Runelords,4,464,,
2XS,"Findley, Nigel",,,,Roc,Paperback,1992,,,,,fiction science-fiction fantasy,,,,fiction,Science Fiction; Fantasy,Series volume,Shadowrun,4,279,,
The Body Snatchers,"Finney, Jack",,,,Simon & Schuster,Paperback,1955,,,,,fiction science-fiction horror thriller,,,,fiction,Science Fiction; Horror; Thriller,Standalone,,,216,,Later reissued as Invasion of the Body Snatchers with a revised ending.
Mountain Man,"Fisher, Vardis",,,,Pocket Books,Paperback,1965,,,,,fiction western historical-fiction,,,,fiction,Western; Historical Fiction,Standalone,,,372,,
The Great Gatsby,"Fitzgerald, F. Scott",,,,Scribner,Paperback,1925,,,,,fiction classics literary-fiction,,,,fiction,Classics; Literary Fiction,Standalone,,,180,,
Gone Girl,"Flynn, Gillian",,,,Crown,Paperback,2012,,,,,fiction thriller mystery-and-crime,,,,fiction,Thriller; Mystery & Crime,Standalone,,,415,,
The Pillars of the Earth,"Follett, Ken",,,,Signet,Paperback,1989,,,,,fiction historical-fiction,,,,fiction,Historical Fiction,Series volume,Kingsbridge,1,973,,
The Serpent,"Gaskell, Jane",,,,St. Martin's / Sphere,Paperback,1963,,,,,fiction fantasy,,,,fiction,Fantasy,Series volume,Atlan,1,384,,"US editions split the original novel The Serpent into two volumes (The Serpent and The Dragon), which is why the sequence is sometimes counted as four books rather than five."
The Dragon,"Gaskell, Jane",,,,St. Martin's / Sphere,Paperback,1963,,,,,fiction fantasy,,,,fiction,Fantasy,Series volume,Atlan,2,320,,Second half of the original novel The Serpent in US editions.
Atlan,"Gaskell, Jane",,,,St. Martin's / Sphere,Paperback,1965,,,,,fiction fantasy,,,,fiction,Fantasy,Series volume,Atlan,3,320,,
The City,"Gaskell, Jane",,,,St. Martin's / Sphere,Paperback,1966,,,,,fiction fantasy,,,,fiction,Fantasy,Series volume,Atlan,4,320,,
Some Summer Lands,"Gaskell, Jane",,,,St. Martin's / Sphere,Paperback,1977,,,,,fiction fantasy,,,,fiction,Fantasy,Series volume,Atlan,5,288,,
Legend,"Gemmell, David",,,,Del Rey,Paperback,1984,,,,,fiction fantasy war,,,,fiction,Fantasy; War,Series volume,Drenai Saga,1,348,,
The King Beyond the Gate,"Gemmell, David",,,,Del Rey,Paperback,1985,,,,,fiction fantasy war,,,,fiction,Fantasy; War,Series volume,Drenai Saga,2,288,,
Waylander,"Gemmell, David",,,,Del Rey,Paperback,1986,,,,,fiction fantasy war,,,,fiction,Fantasy; War,Series volume,Drenai Saga,3,320,,
A Great Deliverance,"George, Elizabeth",,,,Bantam,Paperback,1988,,,,,fiction mystery-and-crime,,,,fiction,Mystery & Crime,Series volume,Inspector Lynley,1,432,"Anthony Award, Best First Novel (1989); Agatha Award, Best First Novel (1988)",
Neuromancer,"Gibson, William",,,3.89,Ace,Paperback,1984,,,,,fiction science-fiction,,,366000,fiction,Science Fiction,Series volume,The Sprawl Trilogy,1,271,"Hugo, Best Novel (1985); Nebula, Best Novel (1984); Philip K. Dick Award (1984)",
Count Zero,"Gibson, William",,,,Ace,Paperback,1986,,,,,fiction science-fiction,,,,fiction,Science Fiction,Series volume,The Sprawl Trilogy,2,246,,
Mona Lisa Overdrive,"Gibson, William",,,,Bantam,Paperback,1988,,,,,fiction science-fiction,,,,fiction,Science Fiction,Series volume,The Sprawl Trilogy,3,260,,
Metro 2033,"Glukhovsky, Dmitry",,,,Gollancz,Paperback,2005,,,,,fiction science-fiction dystopian horror,,,,fiction,Science Fiction; Dystopian; Horror,Series volume,Metro,1,458,,
Metro 2034,"Glukhovsky, Dmitry",,,,Gollancz,Paperback,2009,,,,,fiction science-fiction dystopian horror,,,,fiction,Science Fiction; Dystopian; Horror,Series volume,Metro,2,288,,
Metro 2035,"Glukhovsky, Dmitry",,,,Gollancz,Paperback,2015,,,,,fiction science-fiction dystopian horror,,,,fiction,Science Fiction; Dystopian; Horror,Series volume,Metro,3,416,,
The Empire Strikes Back,"Glut, Donald F.",,,,Del Rey,Paperback,1980,,,,,fiction science-fiction adventure,,,,fiction,Science Fiction; Adventure,Series volume,Star Wars film novelisations,2,216,,
"Faust, Part One","Goethe, Johann Wolfgang von",,,,,,1808,,,,,fiction classics,,,,fiction,Classics,Series volume,Faust,1,208,,A verse drama; page counts swing widely with translation and whether the German is printed facing.
"Faust, Part Two","Goethe, Johann Wolfgang von",,,,,,1832,,,,,fiction classics,,,,fiction,Classics,Series volume,Faust,2,288,,
Lord of the Flies,"Golding, William",,,,Perigee,Paperback,1954,,,,,fiction classics literary-fiction dystopian,,,,fiction,Classics; Literary Fiction; Dystopian,Standalone,,,224,Author: Nobel Prize in Literature (1983),
Claudius the God,"Graves, Robert",,,,Vintage,Paperback,1935,,,,,fiction historical-fiction classics,,,,fiction,Historical Fiction; Classics,Series volume,Claudius,2,583,"James Tait Black Memorial Prize (1934, shared with I, Claudius)",
"I, Claudius","Graves, Robert",,,,Vintage,Paperback,1934,,,,,fiction historical-fiction classics,,,,fiction,Historical Fiction; Classics,Series volume,Claudius,1,468,James Tait Black Memorial Prize (1934); Hawthornden Prize (1935),
The Big Sky,"Guthrie, A. B., Jr.",,,,Mariner,Paperback,1947,,,,,fiction western historical-fiction adventure,,,,fiction,Western; Historical Fiction; Adventure,Series volume,The Big Sky,1,386,,"The file lists the author as 'Alfred Guthrie'; the writer is A. B. Guthrie, Jr. (Alfred Bertram Guthrie)."
King Solomon's Mines,"Haggard, H. Rider",,,,Oxford,,1885,,,,,fiction adventure classics,,,,fiction,Adventure; Classics,Series volume,Allan Quatermain,1,264,,Also contained inside the Ultimate Collection entry in this library — see the duplicates section.
Ultimate Collection,"Haggard, H. Rider",,,,e-artnow / Musaicum,ebook,2016,,,,,fiction adventure classics short-stories,,,,fiction,Adventure; Classics; Short Stories,Omnibus file,"Multiple (Allan Quatermain, Ayesha, standalone)",60+,5544,,"Confirmed as the e-artnow/Musaicum 'Ultimate Collection: 60+ Works in One Volume', covering the Allan Quatermain series, the Ayesha series, lost-world novels, short stories, essays and the autobiography. It has never been printed, so there is no physical page count, and a full per-title breakdown of 60+ works is not practical. Major components listed below; the remainder are short works and non-fiction."
The Forever War,"Haldeman, Joe",,,4.14,St. Martin's,,1974,,,,,fiction science-fiction war,,,181000,fiction,Science Fiction; War,Series volume,The Forever War,1,278,"Hugo, Best Novel (1976); Nebula, Best Novel (1975); Locus, Best SF Novel (1976)",The 1997 'definitive edition' restores the original middle section that was cut from the first printing.
Red Harvest,"Hammett, Dashiell",,,,Vintage,Paperback,1929,,,,,fiction mystery-and-crime classics,,,,fiction,Mystery & Crime; Classics,Standalone,,,199,,
The Maltese Falcon,"Hammett, Dashiell",,,,Vintage,Paperback,1930,,,,,fiction mystery-and-crime classics,,,,fiction,Mystery & Crime; Classics,Standalone,,,217,,
West of Eden,"Harrison, Harry",,,,Bantam,Paperback,1984,,,,,fiction science-fiction,,,,fiction,Science Fiction,Series volume,Eden,1,496,,
Winter in Eden,"Harrison, Harry",,,,Bantam,Paperback,1986,,,,,fiction science-fiction,,,,fiction,Science Fiction,Series volume,Eden,2,400,,
Return to Eden,"Harrison, Harry",,,,Bantam,Paperback,1988,,,,,fiction science-fiction,,,,fiction,Science Fiction,Series volume,Eden,3,384,,
Fatherland,"Harris, Robert",,,,Random House,Paperback,1992,,,,,fiction thriller historical-fiction mystery-and-crime,,,,fiction,Thriller; Historical Fiction; Mystery & Crime,Standalone,,,372,,
Red Dragon,"Harris, Thomas",,,,Berkley,Paperback,1981,,,,,fiction thriller mystery-and-crime horror,,,,fiction,Thriller; Mystery & Crime; Horror,Series volume,Hannibal Lecter,1,348,,
The Silence of the Lambs,"Harris, Thomas",,,,St. Martin's,Paperback,1988,,,,,fiction thriller mystery-and-crime horror,,,,fiction,Thriller; Mystery & Crime; Horror,Series volume,Hannibal Lecter,2,338,"Bram Stoker Award, Best Novel (1988)",
Starship Troopers,"Heinlein, Robert A.",,,,Ace,Paperback,1959,,,,,fiction science-fiction war,,,,fiction,Science Fiction; War,Standalone,,,263,"Hugo, Best Novel (1960)",
Stranger in a Strange Land,"Heinlein, Robert A.",,,3.92,Ace / Putnam,,1961,,,,,fiction science-fiction,,,330000,fiction,Science Fiction,Standalone,,,525,"Hugo, Best Novel (1962)",Two materially different texts: the 1961 published version (~408 pp) and the 1991 uncut original manuscript (~525 pp). The uncut edition is now standard in print.
The Moon Is a Harsh Mistress,"Heinlein, Robert A.",,,,Orb / Tor,Paperback,1966,,,,,fiction science-fiction,,,,fiction,Science Fiction,Standalone,,,382,"Hugo, Best Novel (1967); Prometheus Hall of Fame (1983)",
Children of Dune,"Herbert, Frank",,,3.95,Ace,Paperback,1976,,,,,fiction science-fiction,,,265000,fiction,Science Fiction,Series volume,Dune,3,444,,
Dune,"Herbert, Frank",,,4.29,Ace,Paperback,1965,,,,,fiction science-fiction,,,1640000,fiction,Science Fiction,Series volume,Dune,1,604,"Nebula, Best Novel (1965) — the first ever awarded; Hugo, Best Novel (1966, shared)",The Chilton first edition runs 412 pp on larger pages; the Ace paperback is the commonly cited 604 (or 688 in later printings).
Dune Messiah,"Herbert, Frank",,,3.9,Ace,Paperback,1969,,,,,fiction science-fiction,,,433000,fiction,Science Fiction,Series volume,Dune,2,256,,
Assassin's Apprentice,"Hobb, Robin",,,4.19,Bantam Spectra,Paperback,1995,,,,,fiction fantasy adventure,,,407000,fiction,Fantasy; Adventure,Series volume,Realm of the Elderlings › The Farseer Trilogy,1,435,,
Royal Assassin,"Hobb, Robin",,,,Bantam Spectra,Paperback,1996,,,,,fiction fantasy adventure,,,,fiction,Fantasy; Adventure,Series volume,Realm of the Elderlings › The Farseer Trilogy,2,675,,
Assassin's Quest,"Hobb, Robin",,,,Bantam Spectra,Paperback,1997,,,,,fiction fantasy adventure,,,,fiction,Fantasy; Adventure,Series volume,Realm of the Elderlings › The Farseer Trilogy,3,757,,
Ship of Magic,"Hobb, Robin",,,,Bantam Spectra,Paperback,1998,,,,,fiction fantasy adventure,,,,fiction,Fantasy; Adventure,Series volume,Realm of the Elderlings › The Liveship Traders,1,880,,
Mad Ship,"Hobb, Robin",,,,Bantam Spectra,Paperback,1999,,,,,fiction fantasy adventure,,,,fiction,Fantasy; Adventure,Series volume,Realm of the Elderlings › The Liveship Traders,2,906,,
Ship of Destiny,"Hobb, Robin",,,,Bantam Spectra,Paperback,2000,,,,,fiction fantasy adventure,,,,fiction,Fantasy; Adventure,Series volume,Realm of the Elderlings › The Liveship Traders,3,912,,
Tawny Man Trilogy,"Hobb, Robin",,,,Voyager / Bantam,ebook,,,,,,fiction fantasy adventure,,,,fiction,Fantasy; Adventure,Omnibus file,Realm of the Elderlings › The Tawny Man,1–3,2238,,Third Realm of the Elderlings sub-series. No single-volume print edition; components are Bantam Spectra paperbacks.
The Coming of Conan the Cimmerian,"Howard, Robert E.",,,,Del Rey,Paperback,2003,,,,,fiction fantasy short-stories adventure,,,,fiction,Fantasy; Short Stories; Adventure,Story collection,Conan (Del Rey definitive),1,496,,The Del Rey series restores Howard's original unedited texts and is the scholarly standard.
The Bloody Crown of Conan,"Howard, Robert E.",,,,Del Rey,Paperback,2004,,,,,fiction fantasy short-stories adventure,,,,fiction,Fantasy; Short Stories; Adventure,Story collection,Conan (Del Rey definitive),2,368,,
The Conquering Sword of Conan,"Howard, Robert E.",,,,Del Rey,Paperback,2005,,,,,fiction fantasy short-stories adventure,,,,fiction,Fantasy; Short Stories; Adventure,Story collection,Conan (Del Rey definitive),3,400,,
Kull: Exile of Atlantis,"Howard, Robert E.",,,,Del Rey,Paperback,2006,,,,,fiction fantasy short-stories,,,,fiction,Fantasy; Short Stories,Story collection,Kull,—,336,,
Les Misérables,"Hugo, Victor",,,,Penguin,,1862,,,,,fiction classics historical-fiction literary-fiction,,,,fiction,Classics; Historical Fiction; Literary Fiction,Standalone,,,1232,,"Unabridged translations run 1,200–1,500 pp. The Julie Rose (Modern Library) translation runs about 1,344."
Brave New World,"Huxley, Aldous",,,3.98,Harper,,1932,,,,,fiction science-fiction dystopian classics,,,2148000,fiction,Science Fiction; Dystopian; Classics,Standalone,,,288,,
Klara and the Sun,"Ishiguro, Kazuo",,,,Knopf,Hardcover,2021,,,,,fiction science-fiction literary-fiction,,,,fiction,Science Fiction; Literary Fiction,Standalone,,,303,Author: Nobel Prize in Literature (2017),
A Cavern of Black Ice,"Jones, J. V.",,,,Tor,Paperback,1999,,,,,fiction fantasy,,,,fiction,Fantasy,Series volume,Sword of Shadows,1,848,,
A Fortress of Grey Ice,"Jones, J. V.",,,,Tor,Paperback,2002,,,,,fiction fantasy,,,,fiction,Fantasy,Series volume,Sword of Shadows,2,672,,
A Sword from Red Ice,"Jones, J. V.",,,,Tor,Paperback,2007,,,,,fiction fantasy,,,,fiction,Fantasy,Series volume,Sword of Shadows,3,720,,
Watcher of the Dead,"Jones, J. V.",,,,Orbit,Paperback,2010,,,,,fiction fantasy,,,,fiction,Fantasy,Series volume,Sword of Shadows,4,528,,
The Book of Words,"Jones, J. V.",,,,Orbit / Warner,ebook,,,,,,fiction fantasy,,,,fiction,Fantasy,Omnibus file,The Book of Words,1–3,1536,,"A trilogy compilation, not a single novel. Components are Warner Aspect paperbacks."
The Buffalo Hunter Hunter,"Jones, Stephen Graham",,,,Saga Press,Hardcover,2025,,,,,fiction horror literary-fiction,,,,fiction,Horror; Literary Fiction,Standalone,,,448,,Recent release; page count from the first-edition listing and may be revised in reprint.
The Complete Wheel of Time,"Jordan, Robert",,,,Tor,ebook,2012,,,,,fiction fantasy adventure,,"Sanderson, Brandon",,fiction,Fantasy; Adventure,Omnibus file,The Wheel of Time,1–14,11216,,The fourteen main novels. The Tor digital bundle sold as 'The Complete Wheel of Time' contains the fourteen main books; the prequel New Spring (334 pp) is sold separately and its inclusion in this particular file cannot be confirmed from the filename. The Eye of the World also appears separately in this library.
The Eye of the World,"Jordan, Robert",,,4.19,Tor,Paperback,1990,,,,,fiction fantasy adventure,,,605000,fiction,Fantasy; Adventure,Series volume,The Wheel of Time,1,782,,Duplicate: this novel is also the first component of The Complete Wheel of Time in this library. Counted once in the library total.
Return of the Jedi,"Kahn, James",,,,Del Rey,Paperback,1983,,,,,fiction science-fiction adventure,,,,fiction,Science Fiction; Adventure,Series volume,Star Wars film novelisations,3,181,,
One Flew Over the Cuckoo's Nest,"Kesey, Ken",,,,Penguin,,1962,,,,,fiction classics literary-fiction,,,,fiction,Classics; Literary Fiction,Standalone,,,325,,
The Girl Next Door,"Ketchum, Jack",,,,Leisure Books,Paperback,1989,,,,,fiction horror,,,,fiction,Horror,Standalone,,,336,,
Flowers for Algernon,"Keyes, Daniel",,,4.25,Harcourt,Paperback,1966,,,,,fiction science-fiction literary-fiction,,,839000,fiction,Science Fiction; Literary Fiction,Standalone,,,311,"Nebula, Best Novel (1966); Hugo, Best Short Story (1960) — for the original novelette",The novel expands the 1959 short story of the same name.
11/22/63,"King, Stephen",,,,Scribner,Hardcover,2011,,,,,fiction science-fiction thriller historical-fiction,,,,fiction,Science Fiction; Thriller; Historical Fiction,Standalone,,,849,"Los Angeles Times Book Prize, Mystery/Thriller (2011)",
The Gunslinger,"King, Stephen",,,,Viking / Scribner,,1982,,,,,fiction fantasy western horror,,,,fiction,Fantasy; Western; Horror,Series volume,The Dark Tower,1,231,,"Two materially different texts: the 1982 original and King's 2003 revision, which is now the standard."
The Shining,"King, Stephen",,,,Anchor,Paperback,1977,,,,,fiction horror,,,,fiction,Horror,Standalone,,,447,,
The Stand,"King, Stephen",,,,Doubleday,,1978,,,,,fiction horror science-fiction dystopian,,,,fiction,Horror; Science Fiction; Dystopian,Standalone,,,1153,,"Two materially different texts: the 1978 original (~823 pp) and the 1990 Complete & Uncut edition (~1,153 pp), which restores roughly 400 pages and shifts the timeline forward a decade."
Conagher,"L'Amour, Louis",,,,Bantam,Paperback,1969,,,,,fiction western,,,,fiction,Western,Standalone,,,208,,
Flint,"L'Amour, Louis",,,,Bantam,Paperback,1960,,,,,fiction western,,,,fiction,Western,Standalone,,,192,,
Hondo,"L'Amour, Louis",,,,Bantam,Paperback,1953,,,,,fiction western,,,,fiction,Western,Standalone,,,179,,
Last of the Breed,"L'Amour, Louis",,,,Bantam,Paperback,1986,,,,,fiction adventure thriller,,,,fiction,Adventure; Thriller,Standalone,,,358,,
The Lonesome Gods,"L'Amour, Louis",,,,Bantam,Paperback,1983,,,,,fiction western historical-fiction,,,,fiction,Western; Historical Fiction,Standalone,,,448,,
The Sacketts 01-17 Collection,"L'Amour, Louis",,,,Bantam,ebook,,,,,,fiction western,,,,fiction,Western,Omnibus file,The Sacketts,1–17,3054,,"Confirmed: seventeen canonical Sackett novels, listed here in the standard internal chronology. (The Man from the Broken Hills is sometimes counted as an eighteenth, but it is properly a Talon & Chantry crossover.) Component counts are Bantam mass-market paperbacks and vary by a few pages between printings."
The Walking Drum,"L'Amour, Louis",,,,Bantam,Paperback,1984,,,,,fiction historical-fiction adventure,,,,fiction,Historical Fiction; Adventure,Standalone,,,448,,
The Fisherman,"Langan, John",,,,Word Horde,Paperback,2016,,,,,fiction horror literary-fiction,,,,fiction,Horror; Literary Fiction,Standalone,,,266,"Bram Stoker Award, Best Novel (2016)",
The Spy Who Came in from the Cold,"le Carré, John",,,,Penguin,,1963,,,,,fiction thriller classics,,,,fiction,Thriller; Classics,Series volume,George Smiley,3,224,"CWA Gold Dagger (1963); Somerset Maugham Award (1964); Edgar Award, Best Novel (1965)",
Jade City,"Lee, Fonda",,,,Orbit,Paperback,2017,,,,,fiction fantasy,,,,fiction,Fantasy,Series volume,The Green Bone Saga,1,512,"Aurora Award, Best Novel (2018)",
Jade War,"Lee, Fonda",,,,Orbit,Paperback,2019,,,,,fiction fantasy,,,,fiction,Fantasy,Series volume,The Green Bone Saga,2,592,,
Jade Legacy,"Lee, Fonda",,,,Orbit,Paperback,2021,,,,,fiction fantasy,,,,fiction,Fantasy,Series volume,The Green Bone Saga,3,720,,
To Kill a Mockingbird,"Lee, Harper",,,,Harper,,1960,,,,,fiction classics literary-fiction,,,,fiction,Classics; Literary Fiction,Standalone,,,281,Pulitzer Prize for Fiction (1961),
"The Call of the Wild, White Fang, and Other Stories","London, Jack",A,,,,,,,,,,fiction adventure classics,,,,fiction,Adventure; Classics,Story collection,,,400,,"A collection of two short novels plus short fiction. The two novels are separable works: The Call of the Wild (~172 pp) and White Fang (~298 pp). Counted as one entry, since the exact story selection varies by edition."
The Sea-Wolf,"London, Jack",,,,Penguin,,1904,,,,,fiction adventure classics,,,,fiction,Adventure; Classics,Standalone,,,366,,
At the Mountains of Madness,"Lovecraft, H. P.",,,,,,1936,,,,,fiction horror science-fiction,,,,fiction,Horror; Science Fiction,Standalone,,,208,,Novella. Standalone printings pad the count with supporting stories; the text itself is around 100 pp.
Star Wars: A New Hope,"Lucas, George",,,,Del Rey,Paperback,1976,,,,,fiction science-fiction adventure,,,,fiction,Science Fiction; Adventure,Series volume,Star Wars film novelisations,1,220,,Credited to Lucas but ghostwritten by Alan Dean Foster.
The Unifying Force,"Luceno, James",,,,Del Rey,Paperback,2003,,,,,fiction science-fiction adventure,,,,fiction,Science Fiction; Adventure,Series volume,Star Wars: The New Jedi Order,5,592,,Filename numbers it 5; it is the nineteenth and final New Jedi Order novel.
Necroscope,"Lumley, Brian",,,,Tor,Paperback,1986,,,,,fiction horror science-fiction,,,,fiction,Horror; Science Fiction,Series volume,Necroscope,1,511,,
Vamphyri!,"Lumley, Brian",,,,Tor,Paperback,1988,,,,,fiction horror science-fiction,,,,fiction,Horror; Science Fiction,Series volume,Necroscope,2,480,,
The Source,"Lumley, Brian",,,,Tor,Paperback,1989,,,,,fiction horror science-fiction,,,,fiction,Horror; Science Fiction,Series volume,Necroscope,3,508,,
The Lies of Locke Lamora,"Lynch, Scott",,,4.3,Bantam Spectra,Paperback,2006,,,,,fiction fantasy adventure,,,346000,fiction,Fantasy; Adventure,Series volume,Gentleman Bastard,1,499,,
The Bridge,"Mano, D. Keith",,,,Doubleday,Hardcover,1973,,,,,fiction science-fiction dystopian satire,,,,fiction,Science Fiction; Dystopian; Satire,Standalone,,,244,,
A Song of Ice and Fire,"Martin, George R. R.",,,,Bantam Spectra,ebook,,,,,,fiction fantasy war,,,,fiction,Fantasy; War,Omnibus file,A Song of Ice and Fire,1–5,4197,"Locus, Best Fantasy Novel (2001); Locus, Best Fantasy Novel (2012)","Five published novels. Bantam digital bundles exist for books 1–4 and 1–5; no single-volume print edition. Note that A Feast for Crows and A Dance with Dragons cover the same span of time with different casts. UK paperbacks split several volumes in two, so component counts differ sharply between markets."
Boy's Life,"McCammon, Robert R.",,,,Pocket Books,Paperback,1991,,,,,fiction literary-fiction adventure,,,,fiction,Literary Fiction; Adventure,Standalone,,,592,"Bram Stoker Award, Best Novel (1991); World Fantasy Award, Best Novel (1992)",
Swan Song,"McCammon, Robert R.",,,,Pocket Books,Paperback,1987,,,,,fiction horror dystopian science-fiction,,,,fiction,Horror; Dystopian; Science Fiction,Standalone,,,956,"Bram Stoker Award, Best Novel (1987, tied)",
Blood Meridian,"McCarthy, Cormac",,,,Vintage,,1985,,,,,fiction western literary-fiction historical-fiction,,,,fiction,Western; Literary Fiction; Historical Fiction,Standalone,,,337,,
The Road,"McCarthy, Cormac",,,,Vintage,,2006,,,,,fiction dystopian literary-fiction science-fiction,,,,fiction,Dystopian; Literary Fiction; Science Fiction,Standalone,,,287,Pulitzer Prize for Fiction (2007); James Tait Black Memorial Prize (2006),
Masters of Rome 1–5,"McCullough, Colleen",,,,Head of Zeus / William Morrow,ebook,,,,,,fiction historical-fiction,,,,fiction,Historical Fiction,Omnibus file,Masters of Rome,1–5,4102,,First five volumes of the seven-book sequence. Books 6 and 7 are held separately in this library. Component counts are UK paperbacks.
The October Horse,"McCullough, Colleen",,,,Arrow,Paperback,2002,,,,,fiction historical-fiction,,,,fiction,Historical Fiction,Series volume,Masters of Rome,6,792,,
Antony and Cleopatra,"McCullough, Colleen",,,,Simon & Schuster,Paperback,2007,,,,,fiction historical-fiction,,,,fiction,Historical Fiction,Series volume,Masters of Rome,7,576,,
Blackwater,"McDowell, Michael",,,,Valancourt Books,,1983,,,,,fiction horror,,,,fiction,Horror,Omnibus file,Blackwater,1–6,800,,Originally published as six mass-market paperbacks over six months in 1983. Valancourt's one-volume Complete Saga collects all six at about 800 pp. Individual volumes ran roughly 176 pp each in the Avon originals.
Lonesome Dove,"McMurtry, Larry",,,,Simon & Schuster,Paperback,1985,,,,,fiction western historical-fiction,,,,fiction,Western; Historical Fiction,Series volume,Lonesome Dove,1,945,Pulitzer Prize for Fiction (1986),"The file numbers this sequence 1–4 in publication order. By internal chronology the order is Dead Man's Walk, Comanche Moon, Lonesome Dove, Streets of Laredo."
Streets of Laredo,"McMurtry, Larry",,,,Simon & Schuster,Paperback,1993,,,,,fiction western historical-fiction,,,,fiction,Western; Historical Fiction,Series volume,Lonesome Dove,2,597,,
Dead Man's Walk,"McMurtry, Larry",,,,Simon & Schuster,Paperback,1995,,,,,fiction western historical-fiction,,,,fiction,Western; Historical Fiction,Series volume,Lonesome Dove,3,477,,
Comanche Moon,"McMurtry, Larry",,,,Simon & Schuster,Paperback,1997,,,,,fiction western historical-fiction,,,,fiction,Western; Historical Fiction,Series volume,Lonesome Dove,4,752,,
Perdido Street Station,"Miéville, China",,,,Del Rey,Paperback,2000,,,,,fiction fantasy science-fiction,,,,fiction,Fantasy; Science Fiction,Series volume,Bas-Lag,1,710,"Arthur C. Clarke Award (2001); British Fantasy Award, Best Novel (2001)",
Kenobi,"Miller, John Jackson",,,,Del Rey,Hardcover,2013,,,,,fiction science-fiction western adventure,,,,fiction,Science Fiction; Western; Adventure,Standalone,Star Wars Legends,—,400,,
A Canticle for Leibowitz,"Miller, Walter M., Jr.",,,3.99,Bantam Spectra,Paperback,1959,,,,,fiction science-fiction classics,,,123000,fiction,Science Fiction; Classics,Series volume,St. Leibowitz,1,320,"Hugo, Best Novel (1961)",
Winnie-the-Pooh,"Milne, A. A.",,,,Dutton,Hardcover,1926,,,,,fiction children-s classics,,,,fiction,Children's; Classics,Series volume,Winnie-the-Pooh,1,160,,The file lists the author as 'A. Alan Milne'; he published as A. A. Milne.
Paradise Lost,"Milton, John",,,,Penguin,,1667,,,,,fiction classics,,,,fiction,Classics,Standalone,,,453,,Epic poem. Page count depends heavily on whether the edition prints notes and the 1674 twelve-book revision.
Gone with the Wind,"Mitchell, Margaret",,,,Scribner,Paperback,1936,,,,,fiction historical-fiction classics romance,,,,fiction,Historical Fiction; Classics; Romance,Standalone,,,1037,Pulitzer Prize for Fiction (1937); National Book Award (1936),
Elric of Melniboné,"Moorcock, Michael",,,,DAW,Paperback,1972,,,,,fiction fantasy,,,,fiction,Fantasy,Series volume,Elric of Melniboné,1,181,,
The Fortress of the Pearl,"Moorcock, Michael",,,,Ace,Paperback,1989,,,,,fiction fantasy,,,,fiction,Fantasy,Series volume,Elric of Melniboné,2,244,,"Written seventeen years after the early Elric books but slotted second by internal chronology, which is the ordering this library uses."
The Sailor on the Seas of Fate,"Moorcock, Michael",,,,DAW,Paperback,1976,,,,,fiction fantasy,,,,fiction,Fantasy,Series volume,Elric of Melniboné,3,181,,
The Weird of the White Wolf,"Moorcock, Michael",,,,DAW,Paperback,1977,,,,,fiction fantasy,,,,fiction,Fantasy,Series volume,Elric of Melniboné,4,218,,
The Vanishing Tower,"Moorcock, Michael",,,,DAW,Paperback,1977,,,,,fiction fantasy,,,,fiction,Fantasy,Series volume,Elric of Melniboné,5,190,,
The Revenge of the Rose,"Moorcock, Michael",,,,Ace,Paperback,1991,,,,,fiction fantasy,,,,fiction,Fantasy,Series volume,Elric of Melniboné,6,245,,
The Bane of the Black Sword,"Moorcock, Michael",,,,DAW,Paperback,1977,,,,,fiction fantasy,,,,fiction,Fantasy,Series volume,Elric of Melniboné,7,190,,
Stormbringer,"Moorcock, Michael",,,,DAW,Paperback,1965,,,,,fiction fantasy,,,,fiction,Fantasy,Series volume,Elric of Melniboné,8,222,,
Altered Carbon,"Morgan, Richard K.",,,,Del Rey,Paperback,2002,,,,,fiction science-fiction mystery-and-crime thriller,,,,fiction,Science Fiction; Mystery & Crime; Thriller,Series volume,Takeshi Kovacs,1,375,Philip K. Dick Award (2003),
1Q84,"Murakami, Haruki",,,,Knopf,,2009,,,,,fiction literary-fiction fantasy,,,,fiction,Literary Fiction; Fantasy,Standalone,,,925,,Published in Japan as three volumes; the English edition collects all three in one.
Lolita,"Nabokov, Vladimir",,,,Vintage,,1955,,,,,fiction classics literary-fiction,,,,fiction,Classics; Literary Fiction,Standalone,,,336,,
1 Enoch: The Hermeneia Translation,"Nickelsburg, George W. E.",,,,Fortress Press,,2012,,,,,fiction,,"VanderKam, James C.",,fiction,,Standalone,,,170,,"A scholarly translation of an ancient apocryphal text — non-fiction reference, filed here in a fiction folder. Excluded from the fiction totals."
The Mote in God's Eye,"Niven, Larry",,,,Pocket Books,Paperback,1974,,,,,fiction science-fiction,,"Pournelle, Jerry",,fiction,Science Fiction,Series volume,Moties,1,596,,
Master and Commander,"O'Brian, Patrick",,,,W. W. Norton,Paperback,1969,,,,,fiction historical-fiction adventure war,,,,fiction,Historical Fiction; Adventure; War,Series volume,Aubrey–Maturin,1,412,,
Nineteen Eighty-Four,"Orwell, George",,,4.2,,,1949,,,,,fiction science-fiction dystopian classics,,,5723000,fiction,Science Fiction; Dystopian; Classics,Standalone,,,328,Prometheus Hall of Fame (1984),
Animal Farm,"Orwell, George",,,,Signet,Paperback,1945,,,,,fiction satire classics dystopian,,,,fiction,Satire; Classics; Dystopian,Standalone,,,112,Prometheus Hall of Fame (2011),
Heroic Fantasy,"Page, Gerald W.",,,,DAW,Paperback,1979,,,,,fiction fantasy short-stories,,"Reinhardt, Hank (eds.)",,fiction,Fantasy; Short Stories,Anthology,,,220,,Original sword-and-sorcery anthology. Counted as one work.
The Gormenghast Trilogy,"Peake, Mervyn",,,,Vintage / Overlook,,,,,,,fiction fantasy literary-fiction,,,,fiction,Fantasy; Literary Fiction,Omnibus file,Gormenghast,1–3,1024,,Titus Alone is a substantially different book from the first two and was published from an incomplete manuscript; the 1970 Langdon Jones restored text is now standard. Some editions add the fragment 'Boy in Darkness'.
Todo Alatriste,"Pérez-Reverte, Arturo",,,,Alfaguara,,2016,,,,,fiction historical-fiction adventure,,,,fiction,Historical Fiction; Adventure,Omnibus file,Las aventuras del capitán Alatriste,1–7,1256,,"Spanish-language omnibus collecting the seven Alatriste novels published to that date. An eighth, Misión en París, appeared later and is not in this volume."
Shadows of the Empire,"Perry, Steve",,,,Bantam Spectra,Paperback,1996,,,,,fiction science-fiction adventure,,,,fiction,Science Fiction; Adventure,Standalone,Star Wars Legends,—,352,,
The Drawing of the Dark,"Powers, Tim",,,,Del Rey,Paperback,1979,,,,,fiction fantasy historical-fiction,,,,fiction,Fantasy; Historical Fiction,Standalone,,,320,,
Reaper Man,"Pratchett, Terry",,,,Corgi,Paperback,1991,,,,,fiction fantasy satire,,,,fiction,Fantasy; Satire,Series volume,Discworld,11,287,,
Small Gods,"Pratchett, Terry",,,,Corgi,Paperback,1992,,,,,fiction fantasy satire,,,,fiction,Fantasy; Satire,Series volume,Discworld,13,400,,
Soul Music,"Pratchett, Terry",,,,Corgi,Paperback,1994,,,,,fiction fantasy satire,,,,fiction,Fantasy; Satire,Series volume,Discworld,16,378,,
The Colour of Magic,"Pratchett, Terry",,,,Corgi,Paperback,1983,,,,,fiction fantasy satire,,,,fiction,Fantasy; Satire,Series volume,Discworld,1,288,,
Hogfather,"Pratchett, Terry",,,,Corgi,Paperback,1996,,,,,fiction fantasy satire,,,,fiction,Fantasy; Satire,Series volume,Discworld,20,384,,
Thief of Time,"Pratchett, Terry",,,,Corgi,Paperback,2001,,,,,fiction fantasy satire,,,,fiction,Fantasy; Satire,Series volume,Discworld,26,384,,
Night Watch,"Pratchett, Terry",,,,Corgi,Paperback,2002,,,,,fiction fantasy satire,,,,fiction,Fantasy; Satire,Series volume,Discworld,29,480,,
The Light Fantastic,"Pratchett, Terry",,,,Corgi,Paperback,1986,,,,,fiction fantasy satire,,,,fiction,Fantasy; Satire,Series volume,Discworld,2,288,,
Going Postal,"Pratchett, Terry",,,,Corgi,Paperback,2004,,,,,fiction fantasy satire,,,,fiction,Fantasy; Satire,Series volume,Discworld,33,480,,
Mort,"Pratchett, Terry",,,,Corgi,Paperback,1987,,,,,fiction fantasy satire,,,,fiction,Fantasy; Satire,Series volume,Discworld,4,272,,
Guards! Guards!,"Pratchett, Terry",,,,Corgi,Paperback,1989,,,,,fiction fantasy satire,,,,fiction,Fantasy; Satire,Series volume,Discworld,8,416,,
Inverted World,"Priest, Christopher",,,,New York Review Books,,1974,,,,,fiction science-fiction,,,,fiction,Science Fiction,Standalone,,,320,"BSFA Award, Best Novel (1974)",
The Revenant,"Punke, Michael",,,,Picador,Paperback,2002,,,,,fiction historical-fiction adventure western,,,,fiction,Historical Fiction; Adventure; Western,Standalone,,,272,,
The Godfather,"Puzo, Mario",,,,NAL,,1969,,,,,fiction mystery-and-crime thriller,,,,fiction,Mystery & Crime; Thriller,Standalone,,,448,,
The Merry Adventures of Robin Hood,"Pyle, Howard",,,,,,1883,,,,,fiction adventure classics children-s,,,,fiction,Adventure; Classics; Children's,Standalone,,,296,,
There Is No Antimemetics Division,qntm,,,,,,2021,,,,,fiction science-fiction horror,,,,fiction,Science Fiction; Horror,Standalone,,,244,,"Originally self-published from SCP Foundation material; a revised trade edition (Vintage, ~336 pp) appeared in 2025, so the count depends on which text the file holds."
Atlas Shrugged,"Rand, Ayn",,,,Signet,Paperback,1957,,,,,fiction literary-fiction dystopian,,,,fiction,Literary Fiction; Dystopian,Standalone,,,1168,Prometheus Hall of Fame (1983),
Dragon Prince,"Rawn, Melanie",,,,DAW,Paperback,1988,,,,,fiction fantasy,,,,fiction,Fantasy,Series volume,Dragon Prince,1,576,,
The Star Scroll,"Rawn, Melanie",,,,DAW,Paperback,1989,,,,,fiction fantasy,,,,fiction,Fantasy,Series volume,Dragon Prince,2,592,,
Sunrunner's Fire,"Rawn, Melanie",,,,DAW,Paperback,1990,,,,,fiction fantasy,,,,fiction,Fantasy,Series volume,Dragon Prince,3,592,,
Interview with the Vampire,"Rice, Anne",,,,Ballantine,Paperback,1976,,,,,fiction horror fantasy,,,,fiction,Horror; Fantasy,Series volume,The Vampire Chronicles,1,342,,
Mars Trilogy,"Robinson, Kim Stanley",,,,Bantam Spectra,ebook,,,,,,fiction science-fiction,,,,fiction,Science Fiction,Omnibus file,Mars Trilogy,1–3,1868,"BSFA Award, Best Novel (1992); Hugo, Best Novel (1994); Hugo, Best Novel (1997); Locus, Best SF Novel (1994); Locus, Best SF Novel (1997); Nebula, Best Novel (1993)",UK (HarperCollins Voyager) and US (Bantam) editions differ by 50–100 pp per volume. Components below are Bantam Spectra paperbacks.
Empire of Silence,"Ruocchio, Christopher",,,,DAW,Paperback,2018,,,,,fiction science-fiction,,,,fiction,Science Fiction,Series volume,Sun Eater,1,776,,
Wasp,"Russell, Eric Frank",,,,Gollancz,,1957,,,,,fiction science-fiction satire,,,,fiction,Science Fiction; Satire,Standalone,,,176,,
The Catcher in the Rye,"Salinger, J. D.",,,,"Little, Brown",Paperback,1951,,,,,fiction classics literary-fiction,,,,fiction,Classics; Literary Fiction,Standalone,,,214,,
Vector Prime,"Salvatore, R. A.",,,,Del Rey,Paperback,1999,,,,,fiction science-fiction adventure,,,,fiction,Science Fiction; Adventure,Series volume,Star Wars: The New Jedi Order,1,384,,
Homeland,"Salvatore, R. A.",,,,Wizards of the Coast,Paperback,1990,,,,,fiction fantasy adventure,,,,fiction,Fantasy; Adventure,Series volume,The Legend of Drizzt › The Dark Elf Trilogy,1,343,,
Exile,"Salvatore, R. A.",,,,Wizards of the Coast,Paperback,1990,,,,,fiction fantasy adventure,,,,fiction,Fantasy; Adventure,Series volume,The Legend of Drizzt › The Dark Elf Trilogy,2,313,,
Sojourn,"Salvatore, R. A.",,,,Wizards of the Coast,Paperback,1991,,,,,fiction fantasy adventure,,,,fiction,Fantasy; Adventure,Series volume,The Legend of Drizzt › The Dark Elf Trilogy,3,313,,
The Crystal Shard,"Salvatore, R. A.",,,,Wizards of the Coast,Paperback,1988,,,,,fiction fantasy adventure,,,,fiction,Fantasy; Adventure,Series volume,The Legend of Drizzt › The Icewind Dale Trilogy,4 (Icewind Dale 1),344,,"Published first, but placed fourth in the Legend of Drizzt reading order after the Dark Elf prequel trilogy."
Streams of Silver,"Salvatore, R. A.",,,,Wizards of the Coast,Paperback,1989,,,,,fiction fantasy adventure,,,,fiction,Fantasy; Adventure,Series volume,The Legend of Drizzt › The Icewind Dale Trilogy,5 (Icewind Dale 2),343,,
The Halfling's Gem,"Salvatore, R. A.",,,,Wizards of the Coast,Paperback,1990,,,,,fiction fantasy adventure,,,,fiction,Fantasy; Adventure,Series volume,The Legend of Drizzt › The Icewind Dale Trilogy,6 (Icewind Dale 3),313,,
The Way of Kings,"Sanderson, Brandon",,,4.66,Tor,Hardcover,2010,,,,,fiction fantasy,,,681000,fiction,Fantasy,Series volume,The Stormlight Archive,1,1007,David Gemmell Legend Award (2011),
Words of Radiance,"Sanderson, Brandon",,,4.76,Tor,Hardcover,2014,,,,,fiction fantasy,,,513000,fiction,Fantasy,Series volume,The Stormlight Archive,2,1087,David Gemmell Legend Award (2015),
Edgedancer,"Sanderson, Brandon",,,,Tor,Hardcover,2016,,,,,fiction fantasy,,,,fiction,Fantasy,Series volume,The Stormlight Archive,2.5,272,,"A novella, first published inside the Arcanum Unbounded collection and later issued alone."
Oathbringer,"Sanderson, Brandon",,,,Tor,Hardcover,2017,,,,,fiction fantasy,,,,fiction,Fantasy,Series volume,The Stormlight Archive,3,1248,,
Ivanhoe,"Scott, Sir Walter",,,,Penguin,,1819,,,,,fiction classics historical-fiction adventure,,,,fiction,Classics; Historical Fiction; Adventure,Standalone,,,544,,
Much Ado About Nothing,"Shakespeare, William",,,,Simon & Schuster,,1599,,,,,fiction classics,,,,fiction,Classics,Standalone,,,128,,A play. The Arden and Folger editions run 300–400 pp with commentary; the text alone is well under 150.
Hyperion,"Simmons, Dan",,,4.27,Bantam Spectra,Paperback,1989,,,,,fiction science-fiction,,,300000,fiction,Science Fiction,Series volume,Hyperion Cantos,1,482,"Hugo, Best Novel (1990); Locus, Best SF Novel (1990)",Duplicate: also the first component of The Hyperion Cantos omnibus in this library. Counted once in the library total.
The Hyperion Cantos,"Simmons, Dan",,,,Bantam Spectra,ebook,,,,,,fiction science-fiction,,,,fiction,Science Fiction,Omnibus file,Hyperion Cantos,1–4,2141,"BSFA Award, Best Novel (1991); Hugo, Best Novel (1990); Locus, Best SF Novel (1990); Locus, Best SF Novel (1991); Locus, Best SF Novel (1998)","Four novels, often read as two duologies: Hyperion / The Fall of Hyperion, then Endymion / The Rise of Endymion. Hyperion is also held separately in this library."
The Ruins,"Smith, Scott",,,,Vintage,Paperback,2006,,,,,fiction horror thriller,,,,fiction,Horror; Thriller,Standalone,,,320,,
East of Eden,"Steinbeck, John",,,,Penguin,,1952,,,,,fiction classics literary-fiction,,,,fiction,Classics; Literary Fiction,Standalone,,,601,Author: Nobel Prize in Literature (1962),
Of Mice and Men,"Steinbeck, John",,,,Penguin,,1937,,,,,fiction classics literary-fiction,,,,fiction,Classics; Literary Fiction,Standalone,,,107,Author: Nobel Prize in Literature (1962),
The Grapes of Wrath,"Steinbeck, John",,,,Penguin,,1939,,,,,fiction classics literary-fiction,,,,fiction,Classics; Literary Fiction,Standalone,,,464,Pulitzer Prize for Fiction (1940); National Book Award (1939); Author: Nobel Prize in Literature (1962),
Earth Abides,"Stewart, George R.",,,,Del Rey,Paperback,1949,,,,,fiction science-fiction dystopian classics,,,,fiction,Science Fiction; Dystopian; Classics,Standalone,,,345,International Fantasy Award (1951),
Dracula,"Stoker, Bram",,,,Penguin,,1897,,,,,fiction horror classics,,,,fiction,Horror; Classics,Standalone,,,418,,
Luke Skywalker and the Shadows of Mindor,"Stover, Matthew",,,,Del Rey,Paperback,2008,,,,,fiction science-fiction adventure,,,,fiction,Science Fiction; Adventure,Standalone,Star Wars Legends,—,336,,
Traitor,"Stover, Matthew",,,,Del Rey,Paperback,2002,,,,,fiction science-fiction adventure,,,,fiction,Science Fiction; Adventure,Series volume,Star Wars: The New Jedi Order,3,320,,Filename numbers it 3; it is the thirteenth New Jedi Order novel.
Roadside Picnic,"Strugatsky, Arkady & Boris",,,,Chicago Review Press,,1972,,,,,fiction science-fiction,,,,fiction,Science Fiction,Standalone,,,209,,The 2012 Bormashenko translation restores material cut by Soviet censors and supersedes the 1977 Antonina Bouis version.
Ring,"Suzuki, Koji",,,,Vertical,Paperback,1991,,,,,fiction horror,,,,fiction,Horror,Series volume,Ring,1,282,,
The Hobbit,"Tolkien, J. R. R.",,,4.29,,,1937,,,,,fiction fantasy classics adventure,,,4321000,fiction,Fantasy; Classics; Adventure,Standalone,,,310,,
The Lord of the Rings,"Tolkien, J. R. R.",,,4.54,HarperCollins / Houghton Mifflin,,1954–55,,,,,fiction fantasy classics adventure,,,732000,fiction,Fantasy; Classics; Adventure,Omnibus file,The Lord of the Rings,1–3,1178,International Fantasy Award (1957),"One novel, not a trilogy — Tolkien wrote it as a single work and the three-volume split was a 1954 publishing decision. The component figures below are the standard three-volume paperbacks; the appendices add roughly 100 pp to The Return of the King."
The Silmarillion,"Tolkien, J. R. R.",,,,,,1977,,,,,fiction fantasy classics,,,,fiction,Fantasy; Classics,Standalone,,,365,,Assembled and edited posthumously by Christopher Tolkien.
Gone to See the River Man,"Triana, Kristopher",,,,Grindhouse Press,,2020,,,,,fiction horror,,,,fiction,Horror,Standalone,,,226,,
The Truce at Bakura,"Tyers, Kathy",,,,Bantam Spectra,Paperback,1993,,,,,fiction science-fiction adventure,,,,fiction,Science Fiction; Adventure,Standalone,Star Wars Legends,—,341,,
Area X: The Southern Reach Trilogy,"VanderMeer, Jeff",,,,"Farrar, Straus and Giroux",,2014,,,,,fiction science-fiction horror literary-fiction,,,,fiction,Science Fiction; Horror; Literary Fiction,Omnibus file,The Southern Reach,1–3,608,"Nebula, Best Novel (2014); Shirley Jackson Award, Best Novel (2014)","A fourth book, Absolution, was published in 2024 and is not part of this omnibus."
Twenty Thousand Leagues Under the Seas,"Verne, Jules",,,,Oxford,,1870,,,,,fiction science-fiction classics adventure,,,,fiction,Science Fiction; Classics; Adventure,Series volume,Voyages Extraordinaires,—,464,,The Butcher and Walter translations are complete; the common 19th-century Mercier Lewis translation cuts roughly a quarter of the text and is best avoided.
Slaughterhouse-Five,"Vonnegut, Kurt",,,4.1,Dial Press,Paperback,1969,,,,,fiction science-fiction satire classics war,,,1522000,fiction,Science Fiction; Satire; Classics; War,Standalone,,,275,,
Project Hail Mary,"Weir, Andy",,,,Ballantine,Hardcover,2021,,,,,fiction science-fiction,,,,fiction,Science Fiction,Standalone,,,476,,
Dragons of Autumn Twilight,"Weis, Margaret",,,,Wizards of the Coast,Paperback,1984,,,,,fiction fantasy adventure,,"Hickman, Tracy",,fiction,Fantasy; Adventure,Series volume,Dragonlance Chronicles,1,447,,
Dragons of Winter Night,"Weis, Margaret",,,,Wizards of the Coast,Paperback,1985,,,,,fiction fantasy adventure,,"Hickman, Tracy",,fiction,Fantasy; Adventure,Series volume,Dragonlance Chronicles,2,399,,
Dragons of Spring Dawning,"Weis, Margaret",,,,Wizards of the Coast,Paperback,1985,,,,,fiction fantasy adventure,,"Hickman, Tracy",,fiction,Fantasy; Adventure,Series volume,Dragonlance Chronicles,3,464,,
Time of the Twins,"Weis, Margaret",,,,Wizards of the Coast,Paperback,1986,,,,,fiction fantasy adventure,,"Hickman, Tracy",,fiction,Fantasy; Adventure,Series volume,Dragonlance Legends,1,400,,
War of the Twins,"Weis, Margaret",,,,Wizards of the Coast,Paperback,1986,,,,,fiction fantasy adventure,,"Hickman, Tracy",,fiction,Fantasy; Adventure,Series volume,Dragonlance Legends,2,400,,
Test of the Twins,"Weis, Margaret",,,,Wizards of the Coast,Paperback,1986,,,,,fiction fantasy adventure,,"Hickman, Tracy",,fiction,Fantasy; Adventure,Series volume,Dragonlance Legends,3,368,,
The Island of Doctor Moreau,"Wells, H. G.",,,,Penguin,,1896,,,,,fiction science-fiction classics horror,,,,fiction,Science Fiction; Classics; Horror,Standalone,,,160,,
The Time Machine,"Wells, H. G.",,,,Penguin,,1895,,,,,fiction science-fiction classics,,,,fiction,Science Fiction; Classics,Standalone,,,118,,
The Once and Future King,"White, T. H.",,,,Ace,,1958,,,,,fiction fantasy classics,,,,fiction,Fantasy; Classics,Omnibus file,The Once and Future King,1–4,677,,"Assembled by White from four previously separate books. Because he revised them substantially for the omnibus, the collected text is the standard one and the parts are not usually costed separately."
The Dragonbone Chair,"Williams, Tad",,,,DAW,Paperback,1988,,,,,fiction fantasy,,,,fiction,Fantasy,Series volume,"Osten Ard › Memory, Sorrow and Thorn",1,672,,
Stone of Farewell,"Williams, Tad",,,,DAW,Paperback,1990,,,,,fiction fantasy,,,,fiction,Fantasy,Series volume,"Osten Ard › Memory, Sorrow and Thorn",2,589,,
To Green Angel Tower,"Williams, Tad",,,,DAW,Hardcover,1993,,,,,fiction fantasy,,,,fiction,Fantasy,Series volume,"Osten Ard › Memory, Sorrow and Thorn",3,1083,,"Published complete in hardcover, then split into two mass-market paperbacks (Siege ~784 pp and Storm ~816 pp) because of its length."
The Heart of What Was Lost,"Williams, Tad",,,,DAW,Hardcover,2017,,,,,fiction fantasy,,,,fiction,Fantasy,Series volume,Osten Ard,Interlude,240,,
The Witchwood Crown,"Williams, Tad",,,,DAW,Hardcover,2017,,,,,fiction fantasy,,,,fiction,Fantasy,Series volume,Osten Ard › The Last King of Osten Ard,1,736,,
Empire of Grass,"Williams, Tad",,,,DAW,Hardcover,2019,,,,,fiction fantasy,,,,fiction,Fantasy,Series volume,Osten Ard › The Last King of Osten Ard,2,688,,
Into the Narrowdark,"Williams, Tad",,,,DAW,Hardcover,2022,,,,,fiction fantasy,,,,fiction,Fantasy,Series volume,Osten Ard › The Last King of Osten Ard,3,656,,
The Navigator's Children,"Williams, Tad",,,,DAW,Hardcover,2024,,,,,fiction fantasy,,,,fiction,Fantasy,Series volume,Osten Ard › The Last King of Osten Ard,4,736,,
Brothers of the Wind,"Williams, Tad",,,,DAW,Hardcover,2021,,,,,fiction fantasy,,,,fiction,Fantasy,Series volume,Osten Ard,Prequel,288,,
Destiny's Way,"Williams, Walter Jon",,,,Del Rey,Paperback,2002,,,,,fiction science-fiction adventure,,,,fiction,Science Fiction; Adventure,Series volume,Star Wars: The New Jedi Order,4,480,,Filename numbers it 4; it is the fourteenth New Jedi Order novel.
On Blue's Waters,"Wolfe, Gene",,,,Tor,Paperback,1999,,,,,fiction science-fiction fantasy,,,,fiction,Science Fiction; Fantasy,Series volume,The Solar Cycle › The Book of the Short Sun,1,381,,
In Green's Jungles,"Wolfe, Gene",,,,Tor,Paperback,2000,,,,,fiction science-fiction fantasy,,,,fiction,Science Fiction; Fantasy,Series volume,The Solar Cycle › The Book of the Short Sun,2,381,,
Return to the Whorl,"Wolfe, Gene",,,,Tor,Paperback,2001,,,,,fiction science-fiction fantasy,,,,fiction,Science Fiction; Fantasy,Series volume,The Solar Cycle › The Book of the Short Sun,3,412,,
The Book of the New Sun,"Wolfe, Gene",,,,Orb / Tor,ebook,,,,,,fiction science-fiction fantasy,,,,fiction,Science Fiction; Fantasy,Omnibus file,The Solar Cycle › The Book of the New Sun,1–5,1556,"BSFA Award, Best Novel (1981); British Fantasy Award (1983); John W. Campbell Memorial Award (1983); Locus, Best Fantasy Novel (1982); Locus, Best Fantasy Novel (1983); Nebula, Best Novel (1981); World Fantasy Award, Best Novel (1981)","The '1-5' in the filename, and its position before the Long Sun books numbered 6–9, indicates the four-volume New Sun sequence plus the coda The Urth of the New Sun. In print the four core volumes are usually sold as two omnibuses, Shadow & Claw (~432 pp) and Sword & Citadel (~416 pp)."
Nightside the Long Sun,"Wolfe, Gene",,,,Tor,Paperback,1993,,,,,fiction science-fiction fantasy,,,,fiction,Science Fiction; Fantasy,Series volume,The Solar Cycle › The Book of the Long Sun,1,333,,
Lake of the Long Sun,"Wolfe, Gene",,,,Tor,Paperback,1994,,,,,fiction science-fiction fantasy,,,,fiction,Science Fiction; Fantasy,Series volume,The Solar Cycle › The Book of the Long Sun,2,381,,
Caldé of the Long Sun,"Wolfe, Gene",,,,Tor,Paperback,1994,,,,,fiction science-fiction fantasy,,,,fiction,Science Fiction; Fantasy,Series volume,The Solar Cycle › The Book of the Long Sun,3,381,,
Exodus from the Long Sun,"Wolfe, Gene",,,,Tor,Paperback,1996,,,,,fiction science-fiction fantasy,,,,fiction,Science Fiction; Fantasy,Series volume,The Solar Cycle › The Book of the Long Sun,4,381,,
The Courtship of Princess Leia,"Wolverton, Dave",,,,Bantam Spectra,Paperback,1994,,,,,fiction science-fiction adventure,,,,fiction,Science Fiction; Adventure,Standalone,Star Wars Legends,—,327,,
The Day of the Triffids,"Wyndham, John",,,,Penguin,,1951,,,,,fiction science-fiction dystopian classics,,,,fiction,Science Fiction; Dystopian; Classics,Standalone,,,228,,
Musashi,"Yoshikawa, Eiji",,,,Kodansha,,1935,,,,,fiction historical-fiction adventure,,,,fiction,Historical Fiction; Adventure,Standalone,,,970,,Serialised 1935–39; the English translation is abridged relative to the Japanese original.
Conquerors' Pride,"Zahn, Timothy",,,,Bantam Spectra,Paperback,1994,,,,,fiction science-fiction,,,,fiction,Science Fiction,Series volume,The Conquerors Saga,1,342,,
Conquerors' Heritage,"Zahn, Timothy",,,,Bantam Spectra,Paperback,1995,,,,,fiction science-fiction,,,,fiction,Science Fiction,Series volume,The Conquerors Saga,2,342,,
Conquerors' Legacy,"Zahn, Timothy",,,,Bantam Spectra,Paperback,1996,,,,,fiction science-fiction,,,,fiction,Science Fiction,Series volume,The Conquerors Saga,3,342,,
Allegiance,"Zahn, Timothy",,,,Del Rey,Paperback,2007,,,,,fiction science-fiction adventure,,,,fiction,Science Fiction; Adventure,Series volume,Star Wars: Hand of Judgment,1,320,,
Choices of One,"Zahn, Timothy",,,,Del Rey,Hardcover,2011,,,,,fiction science-fiction adventure,,,,fiction,Science Fiction; Adventure,Series volume,Star Wars: Hand of Judgment,2,384,,
Heir to the Empire,"Zahn, Timothy",,,,Bantam Spectra,Paperback,1991,,,,,fiction science-fiction adventure,,,,fiction,Science Fiction; Adventure,Series volume,Star Wars: The Thrawn Trilogy,1,361,,
Dark Force Rising,"Zahn, Timothy",,,,Bantam Spectra,Paperback,1992,,,,,fiction science-fiction adventure,,,,fiction,Science Fiction; Adventure,Series volume,Star Wars: The Thrawn Trilogy,2,405,,
The Last Command,"Zahn, Timothy",,,,Bantam Spectra,Paperback,1993,,,,,fiction science-fiction adventure,,,,fiction,Science Fiction; Adventure,Series volume,Star Wars: The Thrawn Trilogy,3,467,,
We,"Zamyatin, Yevgeny",,,,Penguin,,1924,,,,,fiction science-fiction dystopian classics,,,,fiction,Science Fiction; Dystopian; Classics,Standalone,,,232,Prometheus Hall of Fame (1994),
The Original Folk and Fairy Tales of the Brothers Grimm,"Zipes, Jack (ed./trans.)",,,,Princeton University Press,,2014,,,,,fiction fantasy short-stories classics,,,,fiction,Fantasy; Short Stories; Classics,Anthology,,,568,,"Zipes's translation of the 1812/1815 first edition — the unrevised, considerably darker texts. Counted as one work."
The Story: The Bible as One Continuing Story of God and His People,"Zondervan (Lucado, Max",9780310621904,,,Zondervan,Hardcover,2011,,,,,fiction,,"Frazee, Randy, eds.)",,fiction,,Story collection,,,496,,"Not a novel: an abridgement of the NIV Bible rearranged chronologically into 31 chapters, with linking narration. The 2005 first edition runs 496 pp; the large-print and student editions run 512. Filed in a fiction folder, but excluded from the fiction totals here alongside 1 Enoch."
"After the Ice: A Global Human History, 20,000–5000 BC","Mithen, Steven",,,,Harvard University Press,Paperback,2004,,,,,nonfiction history,,,,nonfiction,History,Standalone,I · Prehistory,,664,,
First Farmers: The Origins of Agricultural Societies,"Bellwood, Peter",,,,Blackwell,Paperback,2005,,,,,nonfiction history,,,,nonfiction,History,Standalone,I · Prehistory,,384,,
Who We Are and How We Got Here: Ancient DNA and the New Science of the Human Past,"Reich, David",,,,Pantheon,Hardcover,2018,,,,,nonfiction history,,,,nonfiction,History,Standalone,I · Prehistory,,368,"Royal Society Science Book Prize, shortlist (2018)",
"By Steppe, Desert, and Ocean: The Birth of Eurasia","Cunliffe, Barry",,,,Oxford University Press,Hardcover,2015,,,,,nonfiction history,,,,nonfiction,History,Standalone,I · Prehistory,,544,,
Mesopotamia: The Invention of the City,"Leick, Gwendolyn",,,,Penguin,Paperback,2001,,,,,nonfiction history,,,,nonfiction,History,Standalone,II · Ancient Near East,,384,,
Gilgamesh: A New Translation of the Ancient Epic,"Helle, Sophus (trans.)",,,,Yale University Press,Hardcover,2021,,,,,nonfiction history,,,,nonfiction,History,Standalone,II · Ancient Near East,,256,,"Helle's translation renders the Standard Babylonian version as continuous poetry, with five interpretive essays."
Enheduana: The Complete Poems of the World's First Author,"Helle, Sophus (trans.)",,,,Yale University Press,Hardcover,2023,,,,,nonfiction history,,,,nonfiction,History,Standalone,II · Ancient Near East,,264,,
Enuma Elish: The Babylonian Epic of Creation,"Haubold, J.",9781350297197,,4.25,Bloomsbury Academic,Paperback,2024,,,,,nonfiction history,,"Helle, S., Jiménez, E., Wisnom, S. (eds.)",20,nonfiction,History,Standalone,II · Ancient Near East,,352,,"Confirmed: Bloomsbury Academic, Oct 2024, 352 pp paperback (xi + 337). Facing-page translation plus thirteen scholarly essays. Open access ebook also available."
"A History of the Ancient Near East, ca. 3000–323 BC","Van De Mieroop, Marc",,,,Wiley-Blackwell,,2015,,,,,nonfiction history,,,,nonfiction,History,Standalone,II · Ancient Near East,,456,,
From Cyrus to Alexander: A History of the Persian Empire,"Briant, Pierre",,,,Eisenbrauns,,2002,,,,,nonfiction history,,,,nonfiction,History,Standalone,II · Ancient Near East,,1196,,The standard reference work on the Achaemenid Empire. Long enough to function as a shelf in itself.
The Histories,Herodotus,,,,Pantheon,,2007,,,,,nonfiction history,,,,nonfiction,History,Standalone,II · Ancient Near East,,1024,,"The Landmark edition adds maps, appendices and running dates. Penguin's Marincola/de Sélincourt runs about 784 pp; Oxford's Waterfield about 800."
Early Greece,"Murray, Oswyn",,,,Harvard University Press,,1993,,,,,nonfiction history,,,,nonfiction,History,Standalone,III · Greece,,360,,
The Iliad,Homer,,,,Penguin Classics,,1990,,,,,nonfiction history,,,,nonfiction,History,Standalone,III · Greece,,704,,"Lattimore's version runs about 608 pp, Lombardo's 608, Wilson's 848. Fagles is the common narrative-first choice."
The Odyssey,Homer,,,,Penguin Classics,,1996,,,,,nonfiction history,,,,nonfiction,History,Standalone,III · Greece,,560,,Emily Wilson's 2018 translation runs 592 pp and is the other obvious modern option.
Ancient Greece: A History in Eleven Cities,"Cartledge, Paul",,,,Oxford University Press,Paperback,2009,,,,,nonfiction history,,,,nonfiction,History,Standalone,III · Greece,,304,,
The Peloponnesian War,"Kagan, Donald",,,,Viking,Hardcover,2003,,,,,nonfiction history,,,,nonfiction,History,Standalone,III · Greece,,511,,"The single-volume distillation of Kagan's four-volume study, which runs to roughly 1,800 pp."
The Oresteia,Aeschylus,,,,Penguin Classics,,1977,,,,,nonfiction history,,,,nonfiction,History,Standalone,III · Greece,,335,,
Oedipus the King and Antigone,Sophocles,,,,Penguin Classics,,1984,,,,,nonfiction history,,,,nonfiction,History,Standalone,III · Greece,,190,,"These two plays are rarely printed alone. The standard vehicle is The Three Theban Plays (432 pp), which adds Oedipus at Colonus; the two plays themselves run about 190 pp of it."
From Alexander to Actium: The Historical Evolution of the Hellenistic Age,"Green, Peter",,,,University of California Press,Paperback,1990,,,,,nonfiction history,,,,nonfiction,History,Standalone,III · Greece,,970,,
The Republic,Plato,,,,Penguin Classics,,2007,,,,,nonfiction history,,,,nonfiction,History,Standalone,III · Greece,,496,,
The Beginnings of Rome: Italy and Rome from the Bronze Age to the Punic Wars,"Cornell, Timothy J.",,,,Routledge,Paperback,1995,,,,,nonfiction history,,,,nonfiction,History,Standalone,IV · Rome,,528,,
SPQR: A History of Ancient Rome,"Beard, Mary",,,,Liveright,Hardcover,2015,,,,,nonfiction history,,,,nonfiction,History,Standalone,IV · Rome,,608,,
Rubicon: The Last Years of the Roman Republic,"Holland, Tom",,,,Anchor,Paperback,2003,,,,,nonfiction history,,,,nonfiction,History,Standalone,IV · Rome,,464,,
Caesar: Life of a Colossus,"Goldsworthy, Adrian",,,,Yale University Press,Paperback,2006,,,,,nonfiction history,,,,nonfiction,History,Standalone,IV · Rome,,608,,
The Roman Revolution,"Syme, Ronald",,,,Oxford University Press,Paperback,1939,,,,,nonfiction history,,,,nonfiction,History,Standalone,IV · Rome,,568,,
Augustus: First Emperor of Rome,"Goldsworthy, Adrian",,,,Yale University Press,Hardcover,2014,,,,,nonfiction history,,,,nonfiction,History,Standalone,IV · Rome,,624,,
The Aeneid,Virgil,,,,Viking,,2006,,,,,nonfiction history,,,,nonfiction,History,Standalone,IV · Rome,,496,,Fitzgerald's version runs 432 pp; Ruden's 2008 line-for-line translation about 320.
The Twelve Caesars,Suetonius,,,,Penguin Classics,,2007,,,,,nonfiction history,,,,nonfiction,History,Standalone,IV · Rome,,400,,
"The Fate of Rome: Climate, Disease, and the End of an Empire","Harper, Kyle",,,,Princeton University Press,Hardcover,2017,,,,,nonfiction history,,,,nonfiction,History,Standalone,IV · Rome,,440,,
The Fall of the Roman Empire: A New History of Rome and the Barbarians,"Heather, Peter",,,,Oxford University Press,Paperback,2006,,,,,nonfiction history,,,,nonfiction,History,Standalone,IV · Rome,,592,,
The History of the Decline and Fall of the Roman Empire,"Gibbon, Edward",,,,Everyman's Library,,1776–89,,,,,nonfiction history,,,,nonfiction,History,Multi-volume work,IV · Rome,,3808,,"Written and published in six volumes, and the complete text is still sold that way. Penguin's one-volume abridgement (ed. David Womersley) runs about 848 pp and cuts roughly three quarters of the text — a materially different reading experience, and worth deciding on deliberately. Component counts are the Everyman's Library set and are approximate."
"The World of Late Antiquity, AD 150–750","Brown, Peter",,,,Thames & Hudson,Paperback,1971,,,,,nonfiction history,,,,nonfiction,History,Standalone,V · Byzantium,,216,,
Byzantium: The Early Centuries,"Norwich, John Julius",,,,Knopf,Hardcover,1989,,,,,nonfiction history,,,,nonfiction,History,Standalone,V · Byzantium,1,408,,Volume 1 of three. Volumes 2 and 3 are entry 6 in this section.
Fourteen Byzantine Rulers: The Chronographia,"Psellus, Michael",,,,Penguin Classics,,1966,,,,,nonfiction history,,,,nonfiction,History,Standalone,V · Byzantium,,400,,
The Alexiad,"Komnene, Anna",,,,Penguin Classics,,2009,,,,,nonfiction history,,,,nonfiction,History,Standalone,V · Byzantium,,592,,
De Administrando Imperio,Constantine VII Porphyrogenitus,,,,Dumbarton Oaks,,1967,,,,,nonfiction history,,,,nonfiction,History,Standalone,V · Byzantium,,356,,A scholarly Greek-and-English edition rather than a trade translation; harder to find and much drier than the rest of this section.
Byzantium: The Apogee and Byzantium: The Decline and Fall,"Norwich, John Julius",,,,Knopf,Hardcover,"1992, 1995",,,,,nonfiction history,,,,nonfiction,History,Multi-volume work,V · Byzantium,2–3,877,,"This single line in the source list is two separate books, which is part of why the canon's own summary table undercounts this section."
The Fall of Constantinople 1453,"Runciman, Steven",,,,Cambridge University Press,Paperback,1965,,,,,nonfiction history,,,,nonfiction,History,Standalone,V · Byzantium,,272,,
Life in a Medieval Castle,"Gies, Frances",,,,Harper Perennial,,1974,,,,,nonfiction history,,"Gies, Joseph",,nonfiction,History,Standalone,VI · Medieval Europe,,272,,
Life in a Medieval Village,"Gies, Frances",,,,Harper Perennial,,1990,,,,,nonfiction history,,"Gies, Joseph",,nonfiction,History,Standalone,VI · Medieval Europe,,272,,
Life in a Medieval City,"Gies, Frances",,,,Harper Perennial,,1969,,,,,nonfiction history,,"Gies, Joseph",,nonfiction,History,Standalone,VI · Medieval Europe,,288,,
"Cathedral, Forge, and Waterwheel: Technology and Invention in the Middle Ages","Gies, Frances",,,,Harper Perennial,,1994,,,,,nonfiction history,,"Gies, Joseph",,nonfiction,History,Standalone,VI · Medieval Europe,,368,,
Feudal Society,"Bloch, Marc",,,,Routledge,,1939–40,,,,,nonfiction history,,,,nonfiction,History,Multi-volume work,VI · Medieval Europe,,512,,Published in two volumes and usually sold that way in English; some printings bind both as one ~500 pp volume.
The Hundred Years War I: Trial by Battle,"Sumption, Jonathan",,,,Faber & Faber,Paperback,1990,,,,,nonfiction history,,,,nonfiction,History,Standalone,VI · Medieval Europe,1,672,,"First of five volumes; the completed sequence runs to roughly 4,000 pp. Only volume 1 is in the canon."
Heart of Europe: A History of the Holy Roman Empire,"Wilson, Peter H.",,,,Harvard University Press,Hardcover,2016,,,,,nonfiction history,,,,nonfiction,History,Standalone,VI · Medieval Europe,,1008,,"Organised thematically rather than chronologically, which makes it the least narrative-first book in this section."
Early China: A Social and Cultural History,"Feng, Li",,,,Cambridge University Press,Paperback,2013,,,,,nonfiction history,,,,nonfiction,History,Standalone,VII · China,,397,,
The Early Chinese Empires: Qin and Han,"Lewis, Mark Edward",,,,Harvard University Press,,2007,,,,,nonfiction history,,,,nonfiction,History,Standalone,VII · China,1,336,,"The source list credits this to Dieter Kuhn. It is by Mark Edward Lewis; Kuhn wrote the Song volume, listed as entry 6 in this section. The two attributions appear to have been swapped."
Three Kingdoms,"Luo, Guanzhong",,,,Foreign Languages Press / University of California Press,,1991,,,,,nonfiction history,,,,nonfiction,History,Multi-volume work,VII · China,,2340,,The unabridged Moss Roberts translation runs to four volumes. There is also a one-volume abridgement (~400 pp) that cuts about two thirds — a very different book. Component counts are approximate.
China Between Empires: The Northern and Southern Dynasties,"Lewis, Mark Edward",,,,Harvard University Press,,2009,,,,,nonfiction history,,,,nonfiction,History,Standalone,VII · China,2,368,,
China's Cosmopolitan Empire: The Tang Dynasty,"Lewis, Mark Edward",,,,Harvard University Press,,2009,,,,,nonfiction history,,,,nonfiction,History,Standalone,VII · China,3,368,,
The Age of Confucian Rule: The Song Transformation of China,"Kuhn, Dieter",,,,Harvard University Press,,2009,,,,,nonfiction history,,,,nonfiction,History,Standalone,VII · China,4,528,,"The source list credits this to Timothy Brook. It is by Dieter Kuhn; Brook wrote the Yuan/Ming volume, entry 7. See the note on entry 2 — the two are swapped."
The Troubled Empire: China in the Yuan and Ming Dynasties,"Brook, Timothy",,,,Harvard University Press,,2010,,,,,nonfiction history,,,,nonfiction,History,Standalone,VII · China,5,352,,
The Story of the Stone,"Cao, Xueqin",,,,Penguin Classics,,1973–86,,,,,nonfiction history,,,,nonfiction,History,Multi-volume work,VII · China,,2584,,"Also known as Dream of the Red Chamber. Cao wrote the first eighty chapters; the last forty, translated by John Minford in volumes 4 and 5, are generally attributed to Gao E. Component counts are approximate."
The Search for Modern China,"Spence, Jonathan D.",,,,W. W. Norton,,2013,,,,,nonfiction history,,"Chen, Janet",,nonfiction,History,Standalone,VII · China,,1008,,
A Brief History of Japan,"Clements, Jonathan",,,,Tuttle,Paperback,2017,,,,,nonfiction history,,,,nonfiction,History,Standalone,VIII · Japan,,256,,
Kojiki: An Account of Ancient Matters,Ō no Yasumaro (comp.),,,,Columbia University Press,,2014,,,,,nonfiction history,,,,nonfiction,History,Standalone,VIII · Japan,,328,,The source list gives no author. The Kojiki was compiled by Ō no Yasumaro in 712. Donald Philippi's 1968 scholarly translation runs about 655 pp; Heldt's is the readable one.
The Pillow Book,Sei Shōnagon,,,,Penguin Classics,,2006,,,,,nonfiction history,,,,nonfiction,History,Standalone,VIII · Japan,,416,,
The Tale of Genji,Murasaki Shikibu,,,,Penguin Classics,,2001,,,,,nonfiction history,,,,nonfiction,History,Standalone,VIII · Japan,,1216,PEN/Book-of-the-Month Club Translation Prize (2003) — Royall Tyler,"Seidensticker's runs about 1,120 pp, Waley's abridged version about 1,136, Washburn's 2015 version about 1,344."
The Tale of the Heike,Anonymous,,,,Viking,,2012,,,,,nonfiction history,,,,nonfiction,History,Standalone,VIII · Japan,,784,,"The source list gives the author as 'YUKINAGA, Shōbutsu', which merges two names from the traditional attribution — the monk Yukinaga as compiler and the biwa player Shōbutsu as performer. The work is effectively anonymous."
Samurai: A Concise History,"Wert, Michael",,,,Oxford University Press,Paperback,2019,,,,,nonfiction history,,,,nonfiction,History,Standalone,VIII · Japan,,208,,
The Making of Modern Japan,"Jansen, Marius B.",,,,Harvard University Press,Paperback,2000,,,,,nonfiction history,,,,nonfiction,History,Standalone,VIII · Japan,,936,,
"Emperor of Japan: Meiji and His World, 1852–1912","Keene, Donald",,,,Columbia University Press,Hardcover,2002,,,,,nonfiction history,,,,nonfiction,History,Standalone,VIII · Japan,,922,,
Embracing Defeat: Japan in the Wake of World War II,"Dower, John W.",,,,W. W. Norton,Paperback,1999,,,,,nonfiction history,,,,nonfiction,History,Standalone,VIII · Japan,,676,Pulitzer Prize for General Non-Fiction (1999); National Book Award for Nonfiction (1999); Bancroft Prize (2000),
"A Concise History of Korea, Volumes I–II","Seth, Michael J.",,,3.8,Rowman & Littlefield,,2016,,,,,nonfiction history,,,45,nonfiction,History,Multi-volume work,IX · Korea,,674,,"Confirmed as a two-volume set: a premodern volume and a modern one. Rowman also publishes a single-volume A Concise History of Korea: From Antiquity to the Present (2nd ed. 2016, 626 pp; 3rd ed. 2019, 612 pp) covering the same ground — worth checking which one you actually want."
The Imjin War: Japan's Sixteenth-Century Invasion of Korea and Attempt to Conquer China,"Hawley, Samuel",,,,Conquistador Press,,2005,,,,,nonfiction history,,,,nonfiction,History,Standalone,IX · Korea,,664,,
The Memoirs of Lady Hyegyŏng,Lady Hyegyŏng,,,,University of California Press,,1996,,,,,nonfiction history,,,,nonfiction,History,Standalone,IX · Korea,,396,,"The source list renders the author as 'HŎNG SŎK-HYEGYŎNGGUNG', which is garbled. She is Lady Hyegyŏng (Hyegyŏnggung Hong Ssi), crown princess of Chosŏn."
The Story of Hong Gildong,"Kang, Minsoo (trans./ed.)",,,,Penguin,,2016,,,,,nonfiction history,,,,nonfiction,History,Standalone,IX · Korea,,128,,The shortest book in the canon.
Central Asia in World History,"Golden, Peter B.",,,,Oxford University Press,Paperback,2011,,,,,nonfiction history,,,,nonfiction,History,Standalone,X · Steppe Civilizations,,200,,
Ancient China and Its Enemies: The Rise of Nomadic Power in East Asian History,"Di Cosmo, Nicola",,,,Cambridge University Press,Paperback,2002,,,,,nonfiction history,,,,nonfiction,History,Standalone,X · Steppe Civilizations,,392,,
"The Perilous Frontier: Nomadic Empires and China, 221 BC to AD 1757","Barfield, Thomas J.",,,,Blackwell,Paperback,1989,,,,,nonfiction history,,,,nonfiction,History,Standalone,X · Steppe Civilizations,,336,,
The Mongol Empire,"May, Timothy",,,,Edinburgh University Press,Paperback,2018,,,,,nonfiction history,,,,nonfiction,History,Standalone,X · Steppe Civilizations,,448,,
The Tibetans,"Kapstein, Matthew T.",,,,Blackwell,Paperback,2006,,,,,nonfiction history,,,,nonfiction,History,Standalone,XI · Tibet,,360,,
Tibet: A History,"van Schaik, Sam",,,,Yale University Press,Paperback,2011,,,,,nonfiction history,,,,nonfiction,History,Standalone,XI · Tibet,,344,,
The Tibetan Empire in Central Asia,"Beckwith, Christopher I.",,,,Princeton University Press,Paperback,1987,,,,,nonfiction history,,,,nonfiction,History,Standalone,XI · Tibet,,281,,
The Reconquest of Spain,"Lomax, Derek W.",,,,Longman,Paperback,1978,,,,,nonfiction history,,,,nonfiction,History,Standalone,XII · Iberia / Spain,,213,,Long out of print and hard to find; the most likely gap in this section.
The Quest for El Cid,"Fletcher, Richard",,,,Oxford University Press,Paperback,1989,,,,,nonfiction history,,,,nonfiction,History,Standalone,XII · Iberia / Spain,,240,"Wolfson History Prize (1989); Los Angeles Times Book Prize, History (1990)",
The Cid and His Spain,"Menéndez Pidal, Ramón",,,,Frank Cass,,1934,,,,,nonfiction history,,,,nonfiction,History,Standalone,XII · Iberia / Spain,,513,,The source list files this under 'PIDAL' — the surname is Menéndez Pidal.
"Imperial Spain, 1469–1716","Elliott, J. H.",,,,Penguin,Paperback,1963,,,,,nonfiction history,,,,nonfiction,History,Standalone,XII · Iberia / Spain,,448,,
The Conquest of New Spain,"Díaz del Castillo, Bernal",,,,Penguin Classics,,1963,,,,,nonfiction history,,,,nonfiction,History,Standalone,XII · Iberia / Spain,,412,,Cohen's Penguin text is abridged. Janet Burke and Ted Humphrey's 2012 Hackett translation is fuller at about 528 pp.
Anglo-Saxon England,"Stenton, Frank M.",,,,Oxford University Press,,1971,,,,,nonfiction history,,,,nonfiction,History,Standalone,XIII · England,,765,,
The Anglo-Saxon Chronicle,Anonymous,,,,Phoenix / Routledge,,1996,,,,,nonfiction history,,,,nonfiction,History,Standalone,XIII · England,,384,,A composite of several manuscript recensions rather than a single text; Swanton prints them in parallel.
Foundation: The History of England from Its Earliest Beginnings to the Tudors,"Ackroyd, Peter",,,,St. Martin's Press,Hardcover,2011,,,,,nonfiction history,,,,nonfiction,History,Standalone,XIII · England,1,496,,First of six volumes; only this one is in the canon.
"The Sinews of Power: War, Money and the English State, 1688–1783","Brewer, John",,,,Harvard University Press,Paperback,1988,,,,,nonfiction history,,,,nonfiction,History,Standalone,XIII · England,,320,,
Chronicles,"Froissart, Jean",,,,Penguin Classics,,1978,,,,,nonfiction history,,,,nonfiction,History,Standalone,XIV · France,,496,,Heavily abridged. The complete Chronicles run to several thousand pages and have no modern full English edition.
"Memoirs: The Reign of Louis XI, 1461–83","Commynes, Philippe de",,,,Penguin Classics,,1972,,,,,nonfiction history,,,,nonfiction,History,Standalone,XIV · France,,424,,
The Old Regime and the French Revolution,"Tocqueville, Alexis de",,,,Anchor / Doubleday,,1856,,,,,nonfiction history,,,,nonfiction,History,Standalone,XIV · France,,320,,The University of Chicago's Alan Kahan translation is a two-volume scholarly edition; the Anchor one-volume is the reading edition.
Citizens: A Chronicle of the French Revolution,"Schama, Simon",,,,Knopf,Hardcover,1989,,,,,nonfiction history,,,,nonfiction,History,Standalone,XIV · France,,948,,
A Concise History of France,"Price, Roger",,,,Cambridge University Press,,2014,,,,,nonfiction history,,,,nonfiction,History,Standalone,XIV · France,,500,,
A History of the American People,"Johnson, Paul",,,,HarperCollins,Paperback,1997,,,,,nonfiction history,,,,nonfiction,History,Standalone,XV · United States,,1104,,Openly polemical and the most ideologically committed book in the canon; useful to read against Bailyn and McPherson rather than alone.
Battle Cry of Freedom: The Civil War Era,"McPherson, James M.",,,,Oxford University Press,,1988,,,,,nonfiction history,,,,nonfiction,History,Standalone,XV · United States,,904,Pulitzer Prize for History (1989),
Personal Memoirs,"Grant, Ulysses S.",,,,Charles L. Webster & Co.,,1885–86,,,,,nonfiction history,,,,nonfiction,History,Multi-volume work,XV · United States,,1232,,"Originally two volumes. Modern one-volume editions (Penguin Classics, Library of America) run about 800 pp; the Library of America text adds Grant's selected letters and runs to roughly 1,200."
The Ideological Origins of the American Revolution,"Bailyn, Bernard",,,,Harvard University Press,,1992,,,,,nonfiction history,,,,nonfiction,History,Standalone,XV · United States,,448,Pulitzer Prize for History (1968); Bancroft Prize (1968),
"Europe: The Struggle for Supremacy, 1453 to the Present","Simms, Brendan",,,,Basic Books,Hardcover,2013,,,,,nonfiction history,,,,nonfiction,History,Standalone,Capstone,,720,,
